"Date","Price","Open","High","Low","Vol.","Change %"
"Dec 30, 2018","2,531.94","2,498.94","2,538.07","2,443.96","-","1.86%"
"Dec 23, 2018","2,485.74","2,400.56","2,520.27","2,346.58","-","2.86%"
"Dec 16, 2018","2,416.62","2,590.75","2,601.13","2,408.55","-","-7.05%"
"Dec 09, 2018","2,599.95","2,630.86","2,685.44","2,583.23","-","-1.26%"
"Dec 02, 2018","2,633.08","2,790.50","2,800.18","2,621.53","-","-4.60%"
"Nov 25, 2018","2,760.17","2,649.97","2,760.88","2,649.97","-","4.85%"
"Nov 18, 2018","2,632.56","2,730.74","2,733.16","2,631.09","-","-3.79%"
"Nov 11, 2018","2,736.27","2,773.93","2,775.99","2,670.75","-","-1.61%"
"Nov 04, 2018","2,781.01","2,726.37","2,815.15","2,717.94","-","2.13%"
"Oct 28, 2018","2,723.06","2,682.65","2,756.55","2,603.54","-","2.42%"
"Oct 21, 2018","2,658.69","2,773.94","2,778.94","2,628.16","-","-3.94%"
"Oct 14, 2018","2,767.78","2,763.83","2,816.94","2,749.03","-","0.02%"
"Oct 07, 2018","2,767.13","2,877.53","2,894.83","2,710.51","-","-4.10%"
"Sep 30, 2018","2,885.57","2,926.29","2,939.86","2,869.29","-","-0.97%"
"Sep 23, 2018","2,913.98","2,921.83","2,931.15","2,903.28","-","-0.54%"
"Sep 16, 2018","2,929.67","2,903.83","2,940.91","2,886.16","-","0.85%"
"Sep 09, 2018","2,904.98","2,881.39","2,908.30","2,866.78","-","1.16%"
"Sep 02, 2018","2,871.68","2,896.96","2,900.18","2,864.12","-","-1.03%"
"Aug 26, 2018","2,901.52","2,884.69","2,916.50","2,884.69","-","0.93%"
"Aug 19, 2018","2,874.69","2,853.93","2,876.16","2,850.62","-","0.86%"
"Aug 12, 2018","2,850.13","2,835.46","2,855.63","2,802.49","-","0.59%"
"Aug 05, 2018","2,833.28","2,840.29","2,863.43","2,825.81","-","-0.25%"
"Jul 29, 2018","2,840.35","2,819.00","2,840.38","2,796.34","-","0.76%"
"Jul 22, 2018","2,818.82","2,799.17","2,848.03","2,795.14","-","0.61%"
"Jul 15, 2018","2,801.83","2,801.43","2,816.76","2,789.24","-","0.02%"
"Jul 08, 2018","2,801.31","2,768.51","2,804.53","2,768.51","-","1.50%"
"Jul 01, 2018","2,759.82","2,704.95","2,764.41","2,698.95","-","1.52%"
"Jun 24, 2018","2,718.37","2,742.94","2,746.09","2,691.99","-","-1.33%"
"Jun 17, 2018","2,754.88","2,765.79","2,774.99","2,743.19","-","-0.89%"
"Jun 10, 2018","2,779.66","2,780.18","2,791.47","2,761.73","-","0.02%"
"Jun 03, 2018","2,779.03","2,741.67","2,779.90","2,739.51","-","1.62%"
"May 27, 2018","2,734.62","2,705.11","2,736.93","2,676.81","-","0.49%"
"May 20, 2018","2,721.33","2,725.95","2,742.24","2,707.38","-","0.31%"
"May 13, 2018","2,712.97","2,733.37","2,742.10","2,701.91","-","-0.54%"
"May 06, 2018","2,727.72","2,669.36","2,732.86","2,655.20","-","2.41%"
"Apr 29, 2018","2,663.42","2,675.05","2,682.92","2,594.62","-","-0.24%"
"Apr 22, 2018","2,669.91","2,675.40","2,683.55","2,612.67","-","-0.01%"
"Apr 15, 2018","2,670.14","2,670.10","2,717.49","2,660.61","-","0.52%"
"Apr 08, 2018","2,656.30","2,617.18","2,680.26","2,610.79","-","1.99%"
"Apr 01, 2018","2,604.47","2,633.45","2,672.08","2,553.80","-","-1.38%"
"Mar 25, 2018","2,640.87","2,619.35","2,674.78","2,593.06","-","2.03%"
"Mar 18, 2018","2,588.26","2,741.38","2,741.38","2,585.89","-","-5.95%"
"Mar 11, 2018","2,752.01","2,790.54","2,801.90","2,741.47","-","-1.24%"
"Mar 04, 2018","2,786.57","2,681.06","2,786.57","2,675.75","-","3.54%"
"Feb 25, 2018","2,691.25","2,757.37","2,789.15","2,647.32","-","-2.04%"
"Feb 18, 2018","2,747.30","2,722.99","2,747.76","2,697.77","-","0.55%"
"Feb 11, 2018","2,732.22","2,636.75","2,754.42","2,622.45","-","4.30%"
"Feb 04, 2018","2,619.55","2,741.06","2,763.39","2,532.69","-","-5.16%"
"Jan 28, 2018","2,762.13","2,867.23","2,870.62","2,759.97","-","-3.85%"
"Jan 21, 2018","2,872.87","2,809.16","2,872.87","2,808.12","-","2.23%"
"Jan 14, 2018","2,810.30","2,798.96","2,810.33","2,768.64","-","0.86%"
"Jan 07, 2018","2,786.24","2,742.67","2,787.85","2,736.06","-","1.57%"
"Dec 31, 2017","2,743.15","2,683.73","2,743.45","2,682.36","-","2.60%"
"Dec 24, 2017","2,673.61","2,679.09","2,692.12","2,673.61","-","-0.36%"
"Dec 17, 2017","2,683.34","2,685.92","2,694.97","2,676.11","-","0.28%"
"Dec 10, 2017","2,675.81","2,652.19","2,679.63","2,651.47","-","0.92%"
"Dec 03, 2017","2,651.50","2,657.19","2,665.19","2,624.75","-","0.35%"
"Nov 26, 2017","2,642.22","2,602.66","2,657.74","2,598.87","-","1.53%"
"Nov 19, 2017","2,602.42","2,579.49","2,604.21","2,578.24","-","0.91%"
"Nov 12, 2017","2,578.85","2,576.53","2,590.09","2,557.45","-","-0.13%"
"Nov 05, 2017","2,582.30","2,587.47","2,597.02","2,566.33","-","-0.21%"
"Oct 29, 2017","2,587.84","2,577.75","2,588.42","2,566.17","-","0.26%"
"Oct 22, 2017","2,581.07","2,578.08","2,582.98","2,544.00","-","0.23%"
"Oct 15, 2017","2,575.21","2,555.57","2,575.44","2,547.92","-","0.86%"
"Oct 08, 2017","2,553.17","2,551.39","2,557.65","2,541.60","-","0.15%"
"Oct 01, 2017","2,549.33","2,521.20","2,552.51","2,520.40","-","1.19%"
"Sep 24, 2017","2,519.36","2,499.39","2,519.44","2,488.03","-","0.68%"
"Sep 17, 2017","2,502.22","2,502.51","2,508.85","2,496.54","-","0.08%"
"Sep 10, 2017","2,500.23","2,474.52","2,500.23","2,474.52","-","1.58%"
"Sep 03, 2017","2,461.43","2,470.35","2,471.97","2,446.55","-","-0.61%"
"Aug 27, 2017","2,476.55","2,447.35","2,480.38","2,428.20","-","1.37%"
"Aug 20, 2017","2,443.05","2,425.50","2,454.77","2,417.35","-","0.72%"
"Aug 13, 2017","2,425.55","2,454.96","2,474.93","2,420.69","-","-0.65%"
"Aug 06, 2017","2,441.32","2,477.14","2,490.87","2,437.75","-","-1.43%"
"Jul 30, 2017","2,476.83","2,475.94","2,480.38","2,466.48","-","0.19%"
"Jul 23, 2017","2,472.10","2,472.04","2,484.04","2,459.93","-","-0.02%"
"Jul 16, 2017","2,472.54","2,459.50","2,477.62","2,450.34","-","0.54%"
"Jul 09, 2017","2,459.27","2,424.51","2,463.54","2,412.79","-","1.41%"
"Jul 02, 2017","2,425.18","2,431.39","2,439.17","2,407.70","-","0.07%"
"Jun 25, 2017","2,423.41","2,443.32","2,450.42","2,405.70","-","-0.61%"
"Jun 18, 2017","2,438.30","2,442.55","2,453.82","2,430.74","-","0.21%"
"Jun 11, 2017","2,433.15","2,425.88","2,443.75","2,418.53","-","0.06%"
"Jun 04, 2017","2,431.77","2,437.83","2,446.20","2,415.70","-","-0.30%"
"May 28, 2017","2,439.07","2,411.67","2,440.23","2,403.59","-","0.96%"
"May 21, 2017","2,415.82","2,387.21","2,418.71","2,386.92","-","1.43%"
"May 14, 2017","2,381.73","2,393.98","2,405.77","2,352.72","-","-0.38%"
"May 07, 2017","2,390.90","2,399.94","2,403.87","2,381.74","-","-0.35%"
"Apr 30, 2017","2,399.29","2,388.50","2,399.29","2,379.75","-","0.63%"
"Apr 23, 2017","2,384.20","2,370.33","2,398.16","2,369.19","-","1.51%"
"Apr 16, 2017","2,348.69","2,332.62","2,361.37","2,332.51","-","0.85%"
"Apr 09, 2017","2,328.95","2,357.16","2,366.37","2,328.95","-","-1.13%"
"Apr 02, 2017","2,355.54","2,362.34","2,378.36","2,344.73","-","-0.30%"
"Mar 26, 2017","2,362.72","2,329.11","2,370.42","2,322.25","-","0.80%"
"Mar 19, 2017","2,343.98","2,378.24","2,381.93","2,335.74","-","-1.44%"
"Mar 12, 2017","2,378.25","2,371.56","2,390.01","2,358.18","-","0.24%"
"Mar 05, 2017","2,372.60","2,375.23","2,378.80","2,354.54","-","-0.44%"
"Feb 26, 2017","2,383.12","2,365.23","2,400.98","2,358.96","-","0.67%"
"Feb 19, 2017","2,367.34","2,354.91","2,368.26","2,352.87","-","0.69%"
"Feb 12, 2017","2,351.16","2,321.72","2,351.31","2,321.42","-","1.51%"
"Feb 05, 2017","2,316.10","2,294.28","2,319.23","2,285.38","-","0.81%"
"Jan 29, 2017","2,297.42","2,286.01","2,298.31","2,267.21","-","0.12%"
"Jan 22, 2017","2,294.69","2,267.78","2,300.99","2,257.02","-","1.03%"
"Jan 15, 2017","2,271.31","2,269.14","2,276.96","2,258.41","-","-0.15%"
"Jan 08, 2017","2,274.64","2,273.59","2,279.27","2,254.25","-","-0.10%"
"Jan 01, 2017","2,276.98","2,251.57","2,282.10","2,245.13","-","1.70%"
"Dec 25, 2016","2,238.83","2,266.23","2,273.82","2,233.62","-","-1.10%"
"Dec 18, 2016","2,263.79","2,259.24","2,272.56","2,256.08","-","0.25%"
"Dec 11, 2016","2,258.07","2,258.83","2,277.53","2,248.44","-","-0.06%"
"Dec 04, 2016","2,259.53","2,200.65","2,259.80","2,199.97","-","3.08%"
"Nov 27, 2016","2,191.95","2,210.21","2,214.10","2,187.44","-","-0.97%"
"Nov 20, 2016","2,213.35","2,186.43","2,213.35","2,186.43","-","1.44%"
"Nov 13, 2016","2,181.90","2,165.64","2,189.89","2,156.08","-","0.81%"
"Nov 06, 2016","2,164.45","2,100.59","2,182.30","2,100.59","-","3.80%"
"Oct 30, 2016","2,085.18","2,129.78","2,133.25","2,083.79","-","-1.94%"
"Oct 23, 2016","2,126.41","2,148.50","2,154.79","2,119.36","-","-0.69%"
"Oct 16, 2016","2,141.16","2,132.95","2,148.44","2,124.43","-","0.38%"
"Oct 09, 2016","2,132.98","2,160.39","2,169.60","2,114.72","-","-0.96%"
"Oct 02, 2016","2,153.74","2,164.33","2,165.86","2,144.01","-","-0.67%"
"Sep 25, 2016","2,168.27","2,158.54","2,175.30","2,141.55","-","0.17%"
"Sep 18, 2016","2,164.69","2,143.99","2,179.99","2,135.91","-","1.19%"
"Sep 11, 2016","2,139.16","2,120.86","2,163.30","2,119.12","-","0.53%"
"Sep 04, 2016","2,127.81","2,181.61","2,187.87","2,127.81","-","-2.39%"
"Aug 28, 2016","2,179.98","2,170.19","2,184.87","2,157.09","-","0.50%"
"Aug 21, 2016","2,169.04","2,181.58","2,193.42","2,160.39","-","-0.68%"
"Aug 14, 2016","2,183.87","2,186.08","2,193.81","2,168.50","-","-0.01%"
"Aug 07, 2016","2,184.05","2,183.76","2,188.45","2,172.00","-","0.05%"
"Jul 31, 2016","2,182.87","2,173.15","2,182.87","2,147.58","-","0.43%"
"Jul 24, 2016","2,173.60","2,173.71","2,177.09","2,159.07","-","-0.07%"
"Jul 17, 2016","2,175.03","2,162.04","2,175.63","2,159.01","-","0.61%"
"Jul 10, 2016","2,161.74","2,131.72","2,169.05","2,131.72","-","1.49%"
"Jul 03, 2016","2,129.90","2,095.05","2,131.71","2,074.02","-","1.28%"
"Jun 26, 2016","2,102.95","2,031.45","2,108.71","1,991.68","-","3.22%"
"Jun 19, 2016","2,037.41","2,075.58","2,113.32","2,032.57","-","-1.63%"
"Jun 12, 2016","2,071.22","2,091.75","2,098.12","2,050.37","-","-1.19%"
"Jun 05, 2016","2,096.07","2,100.83","2,120.55","2,089.96","-","-0.15%"
"May 29, 2016","2,099.13","2,100.13","2,105.26","2,085.10","-","0.00%"
"May 22, 2016","2,099.06","2,052.23","2,099.06","2,047.26","-","2.28%"
"May 15, 2016","2,052.32","2,046.53","2,071.88","2,025.91","-","0.28%"
"May 08, 2016","2,046.61","2,057.55","2,084.87","2,043.13","-","-0.51%"
"May 01, 2016","2,057.14","2,067.17","2,083.42","2,039.45","-","-0.40%"
"Apr 24, 2016","2,065.30","2,089.37","2,099.89","2,052.28","-","-1.26%"
"Apr 17, 2016","2,091.58","2,078.83","2,111.05","2,073.65","-","0.52%"
"Apr 10, 2016","2,080.73","2,050.23","2,087.84","2,039.74","-","1.62%"
"Apr 03, 2016","2,047.60","2,073.19","2,074.02","2,033.80","-","-1.21%"
"Mar 27, 2016","2,072.78","2,037.89","2,075.07","2,028.31","-","1.81%"
"Mar 20, 2016","2,035.94","2,047.88","2,056.60","2,022.49","-","-0.67%"
"Mar 13, 2016","2,049.58","2,019.27","2,052.36","2,005.23","-","1.35%"
"Mar 06, 2016","2,022.19","1,996.11","2,022.37","1,969.25","-","1.11%"
"Feb 28, 2016","1,999.99","1,947.13","2,009.13","1,931.81","-","2.67%"
"Feb 21, 2016","1,948.05","1,924.44","1,962.96","1,891.00","-","1.58%"
"Feb 14, 2016","1,917.78","1,871.44","1,930.68","1,871.44","-","2.84%"
"Feb 07, 2016","1,864.78","1,873.25","1,881.60","1,810.10","-","-0.81%"
"Jan 31, 2016","1,880.05","1,936.94","1,947.20","1,872.23","-","-3.10%"
"Jan 24, 2016","1,940.24","1,906.28","1,940.24","1,872.70","-","1.75%"
"Jan 17, 2016","1,906.90","1,888.66","1,908.85","1,812.29","-","1.41%"
"Jan 10, 2016","1,880.33","1,926.12","1,950.33","1,857.83","-","-2.17%"
"Jan 03, 2016","1,922.03","2,038.20","2,038.20","1,918.46","-","-5.96%"
"Dec 27, 2015","2,043.94","2,057.77","2,081.56","2,043.62","-","-0.83%"
"Dec 20, 2015","2,060.99","2,010.27","2,067.36","2,005.93","-","2.76%"
"Dec 13, 2015","2,005.55","2,013.37","2,076.72","1,993.26","-","-0.34%"
"Dec 06, 2015","2,012.37","2,090.42","2,090.42","2,008.80","-","-3.79%"
"Nov 29, 2015","2,091.69","2,090.95","2,104.27","2,042.35","-","0.08%"
"Nov 22, 2015","2,090.11","2,089.41","2,095.61","2,070.29","-","0.05%"
"Nov 15, 2015","2,089.17","2,022.08","2,097.06","2,019.39","-","3.27%"
"Nov 08, 2015","2,023.04","2,096.56","2,096.56","2,022.02","-","-3.63%"
"Nov 01, 2015","2,099.20","2,080.76","2,116.48","2,080.76","-","0.95%"
"Oct 25, 2015","2,079.36","2,075.08","2,094.32","2,058.84","-","0.20%"
"Oct 18, 2015","2,075.15","2,031.73","2,079.74","2,017.22","-","2.07%"
"Oct 11, 2015","2,033.11","2,015.65","2,033.54","1,990.73","-","0.90%"
"Oct 04, 2015","2,014.89","1,954.33","2,020.13","1,954.33","-","3.26%"
"Sep 27, 2015","1,951.36","1,929.18","1,951.36","1,871.91","-","1.04%"
"Sep 20, 2015","1,931.34","1,960.84","1,979.64","1,908.92","-","-1.36%"
"Sep 13, 2015","1,958.03","1,963.06","2,020.86","1,948.27","-","-0.15%"
"Sep 06, 2015","1,961.05","1,927.30","1,988.63","1,927.30","-","2.07%"
"Aug 30, 2015","1,921.22","1,986.73","1,986.73","1,903.07","-","-3.40%"
"Aug 23, 2015","1,988.87","1,965.15","1,993.48","1,867.01","-","0.91%"
"Aug 16, 2015","1,970.89","2,089.70","2,103.47","1,970.89","-","-5.77%"
"Aug 09, 2015","2,091.54","2,080.98","2,105.35","2,052.09","-","0.67%"
"Aug 02, 2015","2,077.57","2,104.49","2,112.66","2,067.91","-","-1.25%"
"Jul 26, 2015","2,103.84","2,078.19","2,114.24","2,063.52","-","1.16%"
"Jul 19, 2015","2,079.65","2,126.85","2,132.82","2,077.09","-","-2.21%"
"Jul 12, 2015","2,126.64","2,080.03","2,128.91","2,080.03","-","2.41%"
"Jul 05, 2015","2,076.62","2,073.95","2,083.74","2,044.02","-","-0.01%"
"Jun 28, 2015","2,076.78","2,098.63","2,098.63","2,056.32","-","-1.18%"
"Jun 21, 2015","2,101.49","2,112.50","2,129.87","2,095.38","-","-0.40%"
"Jun 14, 2015","2,109.99","2,091.34","2,126.65","2,072.49","-","0.76%"
"Jun 07, 2015","2,094.11","2,092.34","2,115.02","2,072.14","-","0.06%"
"May 31, 2015","2,092.83","2,108.64","2,121.92","2,085.67","-","-0.69%"
"May 24, 2015","2,107.39","2,125.34","2,126.22","2,099.18","-","-0.88%"
"May 17, 2015","2,126.06","2,121.30","2,134.72","2,120.01","-","0.16%"
"May 10, 2015","2,122.73","2,115.56","2,123.89","2,085.57","-","0.31%"
"May 03, 2015","2,116.10","2,110.23","2,120.95","2,067.93","-","0.37%"
"Apr 26, 2015","2,108.29","2,119.29","2,125.92","2,077.59","-","-0.44%"
"Apr 19, 2015","2,117.69","2,084.11","2,120.92","2,084.11","-","1.75%"
"Apr 12, 2015","2,081.18","2,102.03","2,111.91","2,072.37","-","-0.99%"
"Apr 05, 2015","2,102.06","2,064.87","2,102.61","2,056.52","-","1.70%"
"Mar 29, 2015","2,066.96","2,064.11","2,088.97","2,048.38","-","0.29%"
"Mar 22, 2015","2,061.02","2,107.99","2,114.86","2,045.50","-","-2.23%"
"Mar 15, 2015","2,108.10","2,055.35","2,113.92","2,055.35","-","2.66%"
"Mar 08, 2015","2,053.40","2,072.25","2,083.49","2,039.69","-","-0.86%"
"Mar 01, 2015","2,071.26","2,105.23","2,117.52","2,067.27","-","-1.58%"
"Feb 22, 2015","2,104.50","2,109.83","2,119.59","2,103.00","-","-0.27%"
"Feb 15, 2015","2,110.30","2,096.47","2,110.61","2,085.44","-","0.63%"
"Feb 08, 2015","2,096.99","2,053.47","2,097.03","2,041.88","-","2.02%"
"Feb 01, 2015","2,055.47","1,996.67","2,072.40","1,980.90","-","3.03%"
"Jan 25, 2015","1,994.99","2,050.42","2,057.62","1,989.18","-","-2.77%"
"Jan 18, 2015","2,051.82","2,020.76","2,064.62","2,004.49","-","1.60%"
"Jan 11, 2015","2,019.42","2,046.13","2,056.93","1,988.12","-","-1.24%"
"Jan 04, 2015","2,044.81","2,054.44","2,064.43","1,992.44","-","-0.65%"
"Dec 28, 2014","2,058.20","2,087.63","2,093.55","2,046.04","-","-1.46%"
"Dec 21, 2014","2,088.77","2,069.28","2,092.70","2,069.28","-","0.88%"
"Dec 14, 2014","2,070.65","2,005.03","2,077.85","1,972.56","-","3.41%"
"Dec 07, 2014","2,002.33","2,074.84","2,075.78","2,002.33","-","-3.52%"
"Nov 30, 2014","2,075.37","2,065.78","2,079.47","2,049.57","-","0.38%"
"Nov 23, 2014","2,067.56","2,065.07","2,075.76","2,064.75","-","0.20%"
"Nov 16, 2014","2,063.50","2,038.29","2,071.46","2,034.46","-","1.16%"
"Nov 09, 2014","2,039.82","2,032.01","2,046.18","2,030.17","-","0.39%"
"Nov 02, 2014","2,031.92","2,018.21","2,034.26","2,001.01","-","0.69%"
"Oct 26, 2014","2,018.05","1,962.97","2,018.19","1,951.37","-","2.72%"
"Oct 19, 2014","1,964.58","1,885.62","1,965.27","1,882.30","-","4.12%"
"Oct 12, 2014","1,886.76","1,905.65","1,912.09","1,820.66","-","-1.02%"
"Oct 05, 2014","1,906.13","1,970.01","1,977.84","1,906.05","-","-3.14%"
"Sep 28, 2014","1,967.90","1,978.96","1,985.17","1,926.03","-","-0.75%"
"Sep 21, 2014","1,982.85","2,009.08","2,009.08","1,965.99","-","-1.37%"
"Sep 14, 2014","2,010.40","1,986.04","2,019.26","1,978.48","-","1.25%"
"Sep 07, 2014","1,985.54","2,007.17","2,007.17","1,980.26","-","-1.10%"
"Aug 31, 2014","2,007.71","2,004.07","2,011.17","1,990.10","-","0.22%"
"Aug 24, 2014","2,003.37","1,991.74","2,005.04","1,990.52","-","0.75%"
"Aug 17, 2014","1,988.40","1,958.36","1,994.76","1,958.36","-","1.71%"
"Aug 10, 2014","1,955.06","1,933.43","1,964.04","1,928.29","-","1.22%"
"Aug 03, 2014","1,931.59","1,926.62","1,942.92","1,904.78","-","0.33%"
"Jul 27, 2014","1,925.15","1,978.25","1,984.85","1,916.37","-","-2.69%"
"Jul 20, 2014","1,978.34","1,976.93","1,991.39","1,965.77","-","0.01%"
"Jul 13, 2014","1,978.22","1,969.86","1,983.94","1,955.59","-","0.54%"
"Jul 06, 2014","1,967.57","1,984.22","1,984.22","1,952.86","-","-0.90%"
"Jun 29, 2014","1,985.44","1,960.79","1,985.59","1,958.22","-","1.25%"
"Jun 22, 2014","1,960.96","1,962.92","1,968.17","1,944.69","-","-0.10%"
"Jun 15, 2014","1,962.87","1,934.84","1,963.91","1,930.91","-","1.38%"
"Jun 08, 2014","1,936.16","1,948.97","1,955.55","1,925.78","-","-0.68%"
"Jun 01, 2014","1,949.44","1,923.87","1,949.44","1,915.98","-","1.34%"
"May 25, 2014","1,923.57","1,902.01","1,924.03","1,902.01","-","1.21%"
"May 18, 2014","1,900.53","1,876.66","1,901.26","1,868.14","-","1.21%"
"May 11, 2014","1,877.86","1,880.03","1,902.17","1,862.36","-","-0.03%"
"May 04, 2014","1,878.48","1,879.45","1,889.07","1,859.79","-","-0.14%"
"Apr 27, 2014","1,881.14","1,865.00","1,891.33","1,850.61","-","0.95%"
"Apr 20, 2014","1,863.40","1,865.79","1,884.89","1,859.70","-","-0.08%"
"Apr 13, 2014","1,864.85","1,818.18","1,869.63","1,815.80","-","2.71%"
"Apr 06, 2014","1,815.69","1,863.92","1,872.53","1,814.36","-","-2.65%"
"Mar 30, 2014","1,865.09","1,859.16","1,897.28","1,859.16","-","0.40%"
"Mar 23, 2014","1,857.62","1,867.67","1,875.92","1,842.11","-","-0.48%"
"Mar 16, 2014","1,866.52","1,842.81","1,883.97","1,842.81","-","1.38%"
"Mar 09, 2014","1,841.13","1,877.86","1,882.35","1,839.57","-","-1.97%"
"Mar 02, 2014","1,878.04","1,857.68","1,883.57","1,834.44","-","1.00%"
"Feb 23, 2014","1,859.45","1,836.78","1,867.92","1,836.78","-","1.26%"
"Feb 16, 2014","1,836.25","1,839.03","1,847.50","1,824.58","-","-0.13%"
"Feb 09, 2014","1,838.63","1,796.20","1,841.65","1,791.83","-","2.32%"
"Feb 02, 2014","1,797.02","1,782.68","1,798.03","1,737.92","-","0.81%"
"Jan 26, 2014","1,782.59","1,791.03","1,798.77","1,770.45","-","-0.43%"
"Jan 19, 2014","1,790.29","1,841.05","1,849.31","1,790.29","-","-2.63%"
"Jan 12, 2014","1,838.70","1,841.26","1,850.84","1,815.52","-","-0.20%"
"Jan 05, 2014","1,842.37","1,832.31","1,843.23","1,823.73","-","0.60%"
"Dec 29, 2013","1,831.37","1,841.47","1,849.44","1,827.74","-","-0.54%"
"Dec 22, 2013","1,841.40","1,822.92","1,844.89","1,822.92","-","1.27%"
"Dec 15, 2013","1,818.32","1,777.48","1,823.75","1,767.99","-","2.42%"
"Dec 08, 2013","1,775.32","1,806.21","1,811.52","1,772.28","-","-1.65%"
"Dec 01, 2013","1,805.09","1,806.55","1,810.02","1,779.09","-","-0.04%"
"Nov 24, 2013","1,805.81","1,806.33","1,813.55","1,800.58","-","0.06%"
"Nov 17, 2013","1,804.76","1,798.82","1,804.84","1,777.23","-","0.37%"
"Nov 10, 2013","1,798.18","1,769.96","1,798.22","1,760.64","-","1.56%"
"Nov 03, 2013","1,770.61","1,763.40","1,774.54","1,746.20","-","0.51%"
"Oct 27, 2013","1,761.64","1,759.42","1,775.22","1,752.70","-","0.11%"
"Oct 20, 2013","1,759.77","1,745.20","1,759.82","1,740.50","-","0.88%"
"Oct 13, 2013","1,744.50","1,699.86","1,745.31","1,692.13","-","2.42%"
"Oct 06, 2013","1,703.20","1,687.15","1,703.44","1,646.47","-","0.75%"
"Sep 29, 2013","1,690.50","1,687.26","1,696.55","1,670.36","-","-0.07%"
"Sep 22, 2013","1,691.75","1,711.44","1,711.44","1,687.11","-","-1.06%"
"Sep 15, 2013","1,709.91","1,691.70","1,729.86","1,691.70","-","1.30%"
"Sep 08, 2013","1,687.99","1,656.85","1,689.97","1,656.85","-","1.98%"
"Sep 01, 2013","1,655.17","1,635.95","1,664.83","1,633.41","-","1.36%"
"Aug 25, 2013","1,632.97","1,664.29","1,669.51","1,627.47","-","-1.84%"
"Aug 18, 2013","1,663.50","1,655.25","1,664.85","1,639.43","-","0.46%"
"Aug 11, 2013","1,655.83","1,688.37","1,696.81","1,652.61","-","-2.10%"
"Aug 04, 2013","1,691.42","1,708.01","1,709.24","1,684.91","-","-1.07%"
"Jul 28, 2013","1,709.67","1,690.32","1,709.67","1,681.86","-","1.07%"
"Jul 21, 2013","1,691.65","1,694.41","1,698.78","1,676.03","-","-0.03%"
"Jul 14, 2013","1,692.09","1,679.59","1,693.12","1,671.84","-","0.71%"
"Jul 07, 2013","1,680.19","1,634.20","1,680.19","1,634.20","-","2.96%"
"Jun 30, 2013","1,631.89","1,609.78","1,632.07","1,604.57","-","1.59%"
"Jun 23, 2013","1,606.28","1,588.77","1,620.07","1,560.33","-","0.87%"
"Jun 16, 2013","1,592.43","1,630.64","1,654.19","1,577.70","-","-2.11%"
"Jun 09, 2013","1,626.73","1,644.67","1,648.69","1,608.07","-","-1.01%"
"Jun 02, 2013","1,643.38","1,631.71","1,646.53","1,598.23","-","0.78%"
"May 26, 2013","1,630.74","1,652.63","1,674.21","1,630.74","-","-1.14%"
"May 19, 2013","1,649.60","1,665.71","1,687.18","1,635.53","-","-1.07%"
"May 12, 2013","1,667.47","1,632.10","1,667.47","1,626.74","-","2.07%"
"May 05, 2013","1,633.70","1,614.40","1,635.01","1,614.21","-","1.19%"
"Apr 28, 2013","1,614.42","1,582.34","1,618.46","1,581.28","-","2.03%"
"Apr 21, 2013","1,582.24","1,555.25","1,592.64","1,548.19","-","1.74%"
"Apr 14, 2013","1,555.25","1,588.84","1,588.84","1,536.03","-","-2.11%"
"Apr 07, 2013","1,588.85","1,553.26","1,597.35","1,548.63","-","2.29%"
"Mar 31, 2013","1,553.28","1,569.18","1,573.66","1,539.50","-","-1.01%"
"Mar 24, 2013","1,569.19","1,556.89","1,570.28","1,546.22","-","0.79%"
"Mar 17, 2013","1,556.89","1,560.70","1,561.56","1,538.57","-","-0.24%"
"Mar 10, 2013","1,560.70","1,551.15","1,563.62","1,547.36","-","0.61%"
"Mar 03, 2013","1,551.18","1,518.20","1,552.48","1,512.29","-","2.17%"
"Feb 24, 2013","1,518.20","1,515.60","1,525.84","1,485.01","-","0.17%"
"Feb 17, 2013","1,515.60","1,519.79","1,530.94","1,497.29","-","-0.28%"
"Feb 10, 2013","1,519.79","1,517.93","1,524.69","1,513.61","-","0.12%"
"Feb 03, 2013","1,517.93","1,513.17","1,518.31","1,495.02","-","0.31%"
"Jan 27, 2013","1,513.17","1,502.96","1,514.41","1,496.33","-","0.68%"
"Jan 20, 2013","1,502.96","1,485.98","1,503.26","1,481.16","-","1.14%"
"Jan 13, 2013","1,485.98","1,472.05","1,485.98","1,463.76","-","0.95%"
"Jan 06, 2013","1,472.05","1,466.47","1,472.75","1,451.64","-","0.38%"
"Dec 30, 2012","1,466.47","1,402.43","1,467.94","1,398.11","-","4.57%"
"Dec 23, 2012","1,402.43","1,430.15","1,430.15","1,401.58","-","-1.94%"
"Dec 16, 2012","1,430.15","1,413.54","1,448.00","1,413.54","-","1.17%"
"Dec 09, 2012","1,413.58","1,418.07","1,438.59","1,411.88","-","-0.32%"
"Dec 02, 2012","1,418.07","1,416.34","1,423.73","1,398.23","-","0.13%"
"Nov 25, 2012","1,416.18","1,409.15","1,419.70","1,385.43","-","0.50%"
"Nov 18, 2012","1,409.15","1,359.88","1,409.16","1,359.88","-","3.62%"
"Nov 11, 2012","1,359.88","1,379.86","1,388.81","1,343.35","-","-1.45%"
"Nov 04, 2012","1,379.85","1,414.02","1,433.38","1,373.03","-","-2.43%"
"Oct 28, 2012","1,414.20","1,410.99","1,434.27","1,405.95","-","0.16%"
"Oct 21, 2012","1,411.94","1,433.21","1,435.46","1,403.28","-","-1.48%"
"Oct 14, 2012","1,433.19","1,428.75","1,464.02","1,427.24","-","0.32%"
"Oct 07, 2012","1,428.59","1,460.93","1,460.93","1,425.53","-","-2.21%"
"Sep 30, 2012","1,460.93","1,440.90","1,470.96","1,439.01","-","1.41%"
"Sep 23, 2012","1,440.67","1,459.76","1,463.24","1,430.53","-","-1.33%"
"Sep 16, 2012","1,460.15","1,465.42","1,467.07","1,449.98","-","-0.38%"
"Sep 09, 2012","1,465.77","1,437.92","1,474.51","1,428.98","-","1.94%"
"Sep 02, 2012","1,437.92","1,406.54","1,437.92","1,396.56","-","2.23%"
"Aug 26, 2012","1,406.58","1,411.13","1,416.17","1,397.01","-","-0.32%"
"Aug 19, 2012","1,411.13","1,417.85","1,426.68","1,398.04","-","-0.50%"
"Aug 12, 2012","1,418.16","1,405.87","1,418.71","1,397.32","-","0.87%"
"Aug 05, 2012","1,405.87","1,391.04","1,407.14","1,391.04","-","1.07%"
"Jul 29, 2012","1,390.99","1,385.94","1,394.16","1,354.65","-","0.36%"
"Jul 22, 2012","1,385.97","1,362.34","1,389.19","1,329.24","-","1.71%"
"Jul 15, 2012","1,362.66","1,356.50","1,380.39","1,345.07","-","0.43%"
"Jul 08, 2012","1,356.78","1,354.66","1,361.54","1,325.41","-","0.16%"
"Jul 01, 2012","1,354.68","1,362.33","1,374.81","1,348.03","-","-0.55%"
"Jun 24, 2012","1,362.16","1,334.90","1,362.17","1,309.27","-","2.03%"
"Jun 17, 2012","1,335.02","1,342.42","1,363.46","1,324.41","-","-0.58%"
"Jun 10, 2012","1,342.84","1,325.72","1,343.32","1,306.62","-","1.30%"
"Jun 03, 2012","1,325.66","1,278.29","1,329.05","1,266.74","-","3.73%"
"May 27, 2012","1,278.04","1,318.90","1,334.93","1,277.25","-","-3.02%"
"May 20, 2012","1,317.82","1,295.73","1,328.49","1,295.73","-","1.74%"
"May 13, 2012","1,295.22","1,351.93","1,351.93","1,291.98","-","-4.30%"
"May 06, 2012","1,353.39","1,368.79","1,373.91","1,343.13","-","-1.15%"
"Apr 29, 2012","1,369.10","1,403.26","1,415.32","1,367.96","-","-2.44%"
"Apr 22, 2012","1,403.36","1,378.53","1,406.64","1,358.79","-","1.80%"
"Apr 15, 2012","1,378.53","1,370.27","1,392.76","1,365.38","-","0.60%"
"Apr 08, 2012","1,370.26","1,397.45","1,397.45","1,357.38","-","-1.99%"
"Apr 01, 2012","1,398.08","1,408.47","1,422.38","1,392.92","-","-0.74%"
"Mar 25, 2012","1,408.47","1,397.11","1,419.15","1,391.56","-","0.81%"
"Mar 18, 2012","1,397.11","1,404.17","1,414.00","1,386.87","-","-0.50%"
"Mar 11, 2012","1,404.17","1,370.78","1,405.88","1,366.69","-","2.43%"
"Mar 04, 2012","1,370.87","1,369.59","1,374.76","1,340.03","-","0.09%"
"Feb 26, 2012","1,369.63","1,365.20","1,378.04","1,354.92","-","0.28%"
"Feb 19, 2012","1,365.74","1,361.22","1,368.92","1,352.28","-","0.33%"
"Feb 12, 2012","1,361.23","1,343.06","1,363.40","1,340.80","-","1.38%"
"Feb 05, 2012","1,342.64","1,344.32","1,354.32","1,335.92","-","-0.17%"
"Jan 29, 2012","1,344.90","1,316.16","1,345.34","1,300.49","-","2.17%"
"Jan 22, 2012","1,316.33","1,315.29","1,333.47","1,306.06","-","0.07%"
"Jan 15, 2012","1,315.38","1,290.22","1,315.49","1,290.22","-","2.04%"
"Jan 08, 2012","1,289.09","1,277.83","1,296.82","1,274.55","-","0.88%"
"Jan 01, 2012","1,277.81","1,258.86","1,284.62","1,258.86","-","1.61%"
"Dec 25, 2011","1,257.60","1,265.02","1,269.37","1,248.64","-","-0.61%"
"Dec 18, 2011","1,265.33","1,219.74","1,265.42","1,202.37","-","3.74%"
"Dec 11, 2011","1,219.66","1,255.05","1,255.05","1,209.47","-","-2.83%"
"Dec 04, 2011","1,255.19","1,244.33","1,267.06","1,231.47","-","0.88%"
"Nov 27, 2011","1,244.28","1,158.67","1,260.08","1,158.67","-","7.39%"
"Nov 20, 2011","1,158.67","1,215.62","1,215.62","1,158.66","-","-4.69%"
"Nov 13, 2011","1,215.65","1,263.85","1,264.25","1,209.43","-","-3.81%"
"Nov 06, 2011","1,263.85","1,253.21","1,277.55","1,226.64","-","0.85%"
"Oct 30, 2011","1,253.23","1,284.96","1,284.96","1,215.42","-","-2.48%"
"Oct 23, 2011","1,285.09","1,238.72","1,292.66","1,221.06","-","3.78%"
"Oct 16, 2011","1,238.25","1,224.47","1,239.03","1,191.48","-","1.12%"
"Oct 09, 2011","1,224.58","1,158.15","1,224.61","1,158.15","-","5.98%"
"Oct 02, 2011","1,155.46","1,131.21","1,171.40","1,074.77","-","2.12%"
"Sep 25, 2011","1,131.42","1,136.91","1,195.86","1,131.07","-","-0.44%"
"Sep 18, 2011","1,136.43","1,214.99","1,220.39","1,114.22","-","-6.54%"
"Sep 11, 2011","1,216.01","1,153.50","1,220.06","1,136.07","-","5.35%"
"Sep 04, 2011","1,154.23","1,173.97","1,204.40","1,140.13","-","-1.68%"
"Aug 28, 2011","1,173.97","1,177.91","1,230.71","1,170.56","-","-0.24%"
"Aug 21, 2011","1,176.80","1,123.55","1,190.68","1,121.09","-","4.74%"
"Aug 14, 2011","1,123.53","1,178.86","1,208.47","1,122.05","-","-4.69%"
"Aug 07, 2011","1,178.81","1,198.48","1,198.48","1,101.54","-","-1.72%"
"Jul 31, 2011","1,199.38","1,292.59","1,307.38","1,168.09","-","-7.19%"
"Jul 24, 2011","1,292.28","1,344.32","1,344.32","1,282.86","-","-3.92%"
"Jul 17, 2011","1,345.02","1,315.94","1,347.00","1,295.92","-","2.19%"
"Jul 10, 2011","1,316.14","1,343.31","1,343.31","1,306.51","-","-2.06%"
"Jul 03, 2011","1,343.80","1,339.59","1,356.48","1,330.92","-","0.31%"
"Jun 26, 2011","1,339.67","1,268.44","1,341.01","1,267.53","-","5.61%"
"Jun 19, 2011","1,268.45","1,271.50","1,298.61","1,262.87","-","-0.24%"
"Jun 12, 2011","1,271.50","1,271.31","1,292.50","1,258.07","-","0.04%"
"Jun 05, 2011","1,270.98","1,300.26","1,300.26","1,268.28","-","-2.24%"
"May 29, 2011","1,300.16","1,331.10","1,345.20","1,297.90","-","-2.32%"
"May 22, 2011","1,331.10","1,333.07","1,334.62","1,311.80","-","-0.16%"
"May 15, 2011","1,333.27","1,334.77","1,346.82","1,318.51","-","-0.34%"
"May 08, 2011","1,337.78","1,340.20","1,359.44","1,332.03","-","-0.18%"
"May 01, 2011","1,340.20","1,365.21","1,370.58","1,329.17","-","-1.72%"
"Apr 24, 2011","1,363.61","1,337.14","1,364.56","1,331.47","-","1.96%"
"Apr 17, 2011","1,337.38","1,313.35","1,337.49","1,294.70","-","1.34%"
"Apr 10, 2011","1,319.68","1,329.01","1,333.77","1,302.42","-","-0.64%"
"Apr 03, 2011","1,328.17","1,333.56","1,339.46","1,322.94","-","-0.32%"
"Mar 27, 2011","1,332.41","1,315.45","1,337.85","1,305.26","-","1.42%"
"Mar 20, 2011","1,313.80","1,281.65","1,319.18","1,281.65","-","2.70%"
"Mar 13, 2011","1,279.20","1,301.19","1,301.19","1,249.05","-","-1.92%"
"Mar 06, 2011","1,304.28","1,322.72","1,327.68","1,291.99","-","-1.28%"
"Feb 27, 2011","1,321.15","1,321.61","1,332.28","1,302.58","-","0.10%"
"Feb 20, 2011","1,319.88","1,338.91","1,338.91","1,294.26","-","-1.53%"
"Feb 13, 2011","1,340.43","1,334.37","1,341.50","1,331.00","-","0.85%"
"Feb 06, 2011","1,329.15","1,311.85","1,330.79","1,311.74","-","1.39%"
"Jan 30, 2011","1,310.87","1,276.50","1,311.00","1,276.50","-","2.71%"
"Jan 23, 2011","1,276.34","1,283.29","1,302.67","1,275.10","-","-0.55%"
"Jan 16, 2011","1,283.35","1,293.22","1,296.06","1,271.26","-","-0.76%"
"Jan 09, 2011","1,293.24","1,270.84","1,293.24","1,262.18","-","1.71%"
"Jan 02, 2011","1,271.50","1,257.62","1,278.17","1,257.62","-","1.10%"
"Dec 26, 2010","1,257.64","1,254.66","1,262.60","1,251.48","-","0.07%"
"Dec 19, 2010","1,256.77","1,245.76","1,259.39","1,241.51","-","1.03%"
"Dec 12, 2010","1,243.91","1,242.52","1,246.73","1,232.85","-","0.28%"
"Dec 05, 2010","1,240.40","1,223.87","1,240.40","1,219.50","-","1.28%"
"Nov 28, 2010","1,224.71","1,189.08","1,225.57","1,173.64","-","2.97%"
"Nov 21, 2010","1,189.40","1,198.07","1,198.94","1,176.91","-","-0.86%"
"Nov 14, 2010","1,199.73","1,200.44","1,207.43","1,173.00","-","0.04%"
"Nov 07, 2010","1,199.21","1,223.24","1,226.84","1,194.08","-","-2.17%"
"Oct 31, 2010","1,225.85","1,185.71","1,227.08","1,177.65","-","3.60%"
"Oct 24, 2010","1,183.26","1,184.74","1,196.14","1,171.70","-","0.02%"
"Oct 17, 2010","1,183.08","1,176.83","1,189.43","1,159.71","-","0.59%"
"Oct 10, 2010","1,176.19","1,165.32","1,184.38","1,155.71","-","0.95%"
"Oct 03, 2010","1,165.15","1,144.96","1,167.73","1,131.87","-","1.65%"
"Sep 26, 2010","1,146.24","1,148.64","1,157.16","1,132.09","-","-0.21%"
"Sep 19, 2010","1,148.67","1,126.57","1,148.90","1,122.79","-","2.05%"
"Sep 12, 2010","1,125.59","1,113.38","1,131.47","1,113.38","-","1.45%"
"Sep 05, 2010","1,109.55","1,102.60","1,110.88","1,091.15","-","0.46%"
"Aug 29, 2010","1,104.51","1,062.90","1,105.10","1,040.88","-","3.75%"
"Aug 22, 2010","1,064.59","1,073.36","1,081.58","1,039.70","-","-0.66%"
"Aug 15, 2010","1,071.69","1,077.49","1,100.14","1,063.91","-","-0.70%"
"Aug 08, 2010","1,079.25","1,122.80","1,129.24","1,076.69","-","-3.78%"
"Aug 01, 2010","1,121.64","1,107.53","1,128.75","1,107.17","-","1.82%"
"Jul 25, 2010","1,101.60","1,102.89","1,120.95","1,088.01","-","-0.10%"
"Jul 18, 2010","1,102.66","1,066.85","1,103.73","1,056.88","-","3.55%"
"Jul 11, 2010","1,064.88","1,077.23","1,099.46","1,063.32","-","-1.21%"
"Jul 04, 2010","1,077.96","1,028.09","1,078.16","1,018.35","-","5.42%"
"Jun 27, 2010","1,022.58","1,077.50","1,082.60","1,010.91","-","-5.03%"
"Jun 20, 2010","1,076.76","1,122.79","1,131.23","1,067.89","-","-3.65%"
"Jun 13, 2010","1,117.51","1,095.00","1,121.01","1,089.03","-","2.37%"
"Jun 06, 2010","1,091.60","1,065.84","1,092.25","1,042.17","-","2.51%"
"May 30, 2010","1,064.88","1,087.30","1,105.67","1,060.50","-","-2.25%"
"May 23, 2010","1,089.41","1,084.78","1,103.52","1,040.78","-","0.16%"
"May 16, 2010","1,087.69","1,136.52","1,148.66","1,055.90","-","-4.23%"
"May 09, 2010","1,135.68","1,122.27","1,173.57","1,122.27","-","2.23%"
"May 02, 2010","1,110.88","1,188.58","1,205.13","1,065.79","-","-6.39%"
"Apr 25, 2010","1,186.69","1,217.07","1,219.80","1,181.62","-","-2.51%"
"Apr 18, 2010","1,217.28","1,192.06","1,217.28","1,183.68","-","2.11%"
"Apr 11, 2010","1,192.13","1,194.94","1,213.92","1,186.77","-","-0.19%"
"Apr 04, 2010","1,194.37","1,178.71","1,194.66","1,175.12","-","1.38%"
"Mar 28, 2010","1,178.10","1,167.71","1,181.43","1,165.77","-","0.99%"
"Mar 21, 2010","1,166.59","1,157.25","1,180.69","1,152.88","-","0.58%"
"Mar 14, 2010","1,159.90","1,148.53","1,169.84","1,141.45","-","0.86%"
"Mar 07, 2010","1,149.99","1,138.40","1,153.41","1,134.90","-","0.99%"
"Feb 28, 2010","1,138.70","1,105.36","1,139.38","1,105.36","-","3.10%"
"Feb 21, 2010","1,104.49","1,110.00","1,112.29","1,086.02","-","-0.42%"
"Feb 14, 2010","1,109.17","1,079.13","1,112.42","1,079.13","-","3.13%"
"Feb 07, 2010","1,075.51","1,065.51","1,080.04","1,056.51","-","0.87%"
"Jan 31, 2010","1,066.19","1,073.89","1,104.73","1,044.50","-","-0.72%"
"Jan 24, 2010","1,073.87","1,092.40","1,103.69","1,071.59","-","-1.64%"
"Jan 17, 2010","1,091.76","1,136.03","1,150.45","1,090.18","-","-3.90%"
"Jan 10, 2010","1,136.03","1,145.96","1,150.41","1,131.39","-","-0.78%"
"Jan 03, 2010","1,144.98","1,116.56","1,145.39","1,116.56","-","2.68%"
"Dec 27, 2009","1,115.10","1,127.53","1,130.38","1,114.81","-","-1.01%"
"Dec 20, 2009","1,126.48","1,105.31","1,126.48","1,105.31","-","2.18%"
"Dec 13, 2009","1,102.47","1,107.84","1,116.21","1,093.88","-","-0.36%"
"Dec 06, 2009","1,106.41","1,105.52","1,110.72","1,085.89","-","0.04%"
"Nov 29, 2009","1,105.98","1,091.07","1,119.13","1,086.25","-","1.33%"
"Nov 22, 2009","1,091.49","1,094.86","1,112.38","1,083.74","-","0.01%"
"Nov 15, 2009","1,091.38","1,094.13","1,113.69","1,086.81","-","-0.19%"
"Nov 08, 2009","1,093.48","1,072.31","1,105.37","1,072.31","-","2.26%"
"Nov 01, 2009","1,069.30","1,036.18","1,071.48","1,029.38","-","3.20%"
"Oct 25, 2009","1,036.19","1,080.36","1,091.75","1,033.38","-","-4.02%"
"Oct 18, 2009","1,079.60","1,088.22","1,101.36","1,074.31","-","-0.74%"
"Oct 11, 2009","1,087.68","1,071.63","1,096.56","1,066.71","-","1.51%"
"Oct 04, 2009","1,071.49","1,026.87","1,071.51","1,025.92","-","4.51%"
"Sep 27, 2009","1,025.21","1,045.38","1,069.62","1,019.95","-","-1.84%"
"Sep 20, 2009","1,044.38","1,067.14","1,080.15","1,041.17","-","-2.24%"
"Sep 13, 2009","1,068.30","1,040.15","1,074.77","1,035.00","-","2.45%"
"Sep 06, 2009","1,042.73","1,018.67","1,048.18","1,018.67","-","2.59%"
"Aug 30, 2009","1,016.40","1,025.21","1,028.45","991.97","-","-1.22%"
"Aug 23, 2009","1,028.93","1,026.59","1,039.47","1,016.20","-","0.27%"
"Aug 16, 2009","1,026.13","998.18","1,027.59","978.51","-","2.20%"
"Aug 09, 2009","1,004.09","1,008.89","1,013.14","992.40","-","-0.63%"
"Aug 02, 2009","1,010.48","990.22","1,018.00","990.22","-","2.33%"
"Jul 26, 2009","987.48","978.63","996.68","968.65","-","0.84%"
"Jul 19, 2009","979.26","942.07","979.79","940.99","-","4.13%"
"Jul 12, 2009","940.38","879.57","943.96","875.32","-","6.97%"
"Jul 05, 2009","879.13","894.27","898.72","869.32","-","-1.93%"
"Jun 28, 2009","896.42","919.86","931.92","896.42","-","-2.45%"
"Jun 21, 2009","918.90","918.13","922.00","888.86","-","-0.25%"
"Jun 14, 2009","921.23","942.45","942.45","903.78","-","-2.64%"
"Jun 07, 2009","946.21","938.12","956.23","926.44","-","0.65%"
"May 31, 2009","940.09","923.26","951.69","923.26","-","2.28%"
"May 24, 2009","919.14","887.00","920.02","881.46","-","3.62%"
"May 17, 2009","887.00","886.07","924.60","879.61","31.70B","0.47%"
"May 10, 2009","882.88","922.99","922.99","878.94","31.69B","-4.99%"
"May 03, 2009","929.23","879.21","930.17","879.21","39.76B","5.89%"
"Apr 26, 2009","877.52","862.82","888.70","847.12","30.22B","1.30%"
"Apr 19, 2009","866.23","868.27","871.80","826.83","35.42B","-0.39%"
"Apr 12, 2009","869.60","855.33","875.63","835.58","34.20B","1.52%"
"Apr 05, 2009","856.56","839.75","856.91","814.53","24.90B","1.67%"
"Mar 29, 2009","842.50","809.07","845.61","779.81","31.43B","3.26%"
"Mar 22, 2009","815.94","772.31","832.98","772.31","34.76B","6.17%"
"Mar 15, 2009","768.54","758.84","803.24","749.93","39.82B","1.58%"
"Mar 08, 2009","756.55","680.76","758.29","672.88","37.30B","10.71%"
"Mar 01, 2009","683.38","729.57","729.57","666.79","37.96B","-7.03%"
"Feb 22, 2009","735.09","773.25","780.12","734.52","37.75B","-4.54%"
"Feb 15, 2009","770.05","818.61","818.61","754.25","25.61B","-6.87%"
"Feb 08, 2009","826.84","868.24","875.01","808.06","30.04B","-4.81%"
"Feb 01, 2009","868.60","823.09","870.75","812.87","31.09B","5.17%"
"Jan 25, 2009","825.88","832.50","877.86","821.67","28.01B","-0.73%"
"Jan 18, 2009","831.95","849.64","849.64","804.30","24.52B","-2.14%"
"Jan 11, 2009","850.12","890.40","890.40","817.04","30.29B","-4.52%"
"Jan 04, 2009","890.35","929.17","943.85","888.31","25.22B","-4.45%"
"Dec 28, 2008","931.80","872.37","934.73","857.07","15.17B","6.76%"
"Dec 21, 2008","872.80","887.20","887.37","857.09","12.35B","-1.70%"
"Dec 14, 2008","887.88","881.07","918.85","857.72","29.28B","0.93%"
"Dec 07, 2008","879.73","882.71","918.57","851.35","29.66B","0.42%"
"Nov 30, 2008","876.07","888.61","888.61","815.69","30.47B","-2.25%"
"Nov 23, 2008","896.24","801.20","896.25","801.20","23.37B","12.03%"
"Nov 16, 2008","800.03","873.23","882.29","741.02","36.75B","-8.39%"
"Nov 09, 2008","873.29","936.75","951.95","818.69","29.06B","-6.20%"
"Nov 02, 2008","930.99","968.67","1,007.51","899.73","26.48B","-3.90%"
"Oct 26, 2008","968.75","874.28","984.38","845.27","32.30B","10.49%"
"Oct 19, 2008","876.77","943.51","985.44","852.85","30.19B","-6.78%"
"Oct 12, 2008","940.55","912.75","1,044.31","865.83","36.53B","4.60%"
"Oct 05, 2008","899.22","1,097.56","1,097.56","839.80","42.02B","-18.20%"
"Sep 28, 2008","1,099.23","1,209.07","1,209.07","1,098.14","31.03B","-9.40%"
"Sep 21, 2008","1,213.27","1,255.37","1,255.37","1,179.79","26.64B","-3.33%"
"Sep 14, 2008","1,255.08","1,250.92","1,265.12","1,133.50","46.64B","0.27%"
"Sep 07, 2008","1,251.70","1,249.50","1,274.42","1,211.54","34.42B","0.76%"
"Aug 31, 2008","1,242.31","1,287.83","1,303.04","1,217.23","20.07B","-3.16%"
"Aug 24, 2008","1,282.83","1,290.47","1,300.68","1,263.21","17.65B","-0.73%"
"Aug 17, 2008","1,292.20","1,298.14","1,300.22","1,261.16","20.32B","-0.46%"
"Aug 10, 2008","1,298.20","1,294.42","1,313.15","1,274.86","22.67B","0.15%"
"Aug 03, 2008","1,296.32","1,253.27","1,297.85","1,247.45","20.94B","2.86%"
"Jul 27, 2008","1,260.31","1,257.76","1,284.93","1,234.37","25.36B","0.20%"
"Jul 20, 2008","1,257.76","1,261.82","1,291.17","1,248.83","28.32B","-0.23%"
"Jul 13, 2008","1,260.68","1,241.61","1,262.31","1,200.44","32.56B","1.71%"
"Jul 06, 2008","1,239.49","1,262.90","1,277.36","1,225.35","29.06B","-1.85%"
"Jun 29, 2008","1,262.90","1,278.06","1,292.17","1,252.01","19.40B","-1.21%"
"Jun 22, 2008","1,278.38","1,319.77","1,335.63","1,272.00","25.16B","-3.00%"
"Jun 15, 2008","1,317.93","1,358.85","1,366.59","1,314.46","22.22B","-3.10%"
"Jun 08, 2008","1,360.03","1,360.83","1,370.63","1,331.29","22.63B","-0.05%"
"Jun 01, 2008","1,360.68","1,399.62","1,404.05","1,359.90","21.57B","-2.83%"
"May 25, 2008","1,400.38","1,375.97","1,406.32","1,373.07","15.26B","1.78%"
"May 18, 2008","1,375.93","1,425.28","1,440.24","1,373.72","19.53B","-3.47%"
"May 11, 2008","1,425.35","1,389.40","1,425.82","1,386.20","19.05B","2.67%"
"May 04, 2008","1,388.28","1,415.34","1,421.57","1,384.11","18.76B","-1.81%"
"Apr 27, 2008","1,413.90","1,397.96","1,422.72","1,383.07","20.33B","1.15%"
"Apr 20, 2008","1,397.84","1,387.72","1,399.11","1,369.84","19.70B","0.54%"
"Apr 13, 2008","1,390.33","1,332.20","1,395.90","1,324.35","19.34B","4.31%"
"Apr 06, 2008","1,332.83","1,373.69","1,386.74","1,331.21","18.32B","-2.74%"
"Mar 30, 2008","1,370.40","1,315.92","1,380.91","1,312.81","20.88B","4.20%"
"Mar 23, 2008","1,315.22","1,330.29","1,359.68","1,312.95","20.42B","-1.07%"
"Mar 16, 2008","1,329.51","1,283.21","1,341.51","1,256.98","22.52B","3.21%"
"Mar 09, 2008","1,288.14","1,293.16","1,333.26","1,272.66","24.01B","-0.40%"
"Mar 02, 2008","1,293.37","1,330.45","1,344.19","1,282.43","22.04B","-2.80%"
"Feb 24, 2008","1,330.63","1,352.75","1,388.34","1,325.42","20.23B","-1.66%"
"Feb 17, 2008","1,353.11","1,355.86","1,367.94","1,327.04","14.75B","0.23%"
"Feb 10, 2008","1,349.99","1,331.92","1,369.23","1,320.32","18.72B","1.40%"
"Feb 03, 2008","1,331.29","1,395.38","1,395.38","1,316.75","20.18B","-4.60%"
"Jan 27, 2008","1,395.42","1,330.70","1,396.02","1,322.26","22.70B","4.87%"
"Jan 20, 2008","1,330.61","1,312.94","1,368.56","1,270.05","20.40B","0.41%"
"Jan 13, 2008","1,325.19","1,402.91","1,417.89","1,312.51","25.03B","-5.41%"
"Jan 06, 2008","1,401.02","1,414.07","1,430.28","1,378.70","23.94B","-0.75%"