,A,B,C,D
2021-01-01,-0.9677456856675075,-0.14796013215533554,-0.08610667476557288,-0.8663868972174502
2021-01-02,0.6886369600843194,-0.41222050104763286,-3.5127252092539427,-1.2068666110675201
2021-01-03,1.6256517623849918,0.035166837876395185,-2.823114503151275,-0.0968426656831991
2021-01-04,1.9440894401978834,-0.4768642713701734,-2.7768986173190027,0.36484287651573566
2021-01-05,1.6605322806222953,-3.1612508590739443,-2.012186268094614,0.7709878459932679
2021-01-06,1.6738368027472939,-3.6609910405902433,-2.2771718168173365,1.1377235419473695
2021-01-07,2.634487616862199,-5.30412074495565,-2.9417401045664042,-0.852726094518061
2021-01-08,3.221916328463139,-3.4374125269525653,-3.3426023333927257,-0.6835139981035812
2021-01-09,4.43039581375203,-3.8666166925264935,-2.7206786145314714,1.563936187620286
2021-01-10,3.8653261938815344,-4.387526306879567,-3.660363693904511,0.3993502138924643
2021-01-11,3.6772331072013724,-5.384184221405132,-4.474081743872795,1.7899978243266095
2021-01-12,4.117015449603584,-5.17937877910164,-5.238759686015625,1.3488186163197375
2021-01-13,3.0700383811379117,-3.3632658016544954,-3.391135164696875,1.8046381339909274
2021-01-14,2.93075389679817,-2.9828579062601044,-2.9492928945023844,0.6092042020575166
2021-01-15,2.7122508542565296,-4.464712389349772,-3.871576465764865,0.9814316121546072
2021-01-16,2.6428696691450364,-5.4513647792655275,-3.480954250054152,0.4917864413754486
2021-01-17,0.6096988753974846,-5.324703894965357,-1.759430824711677,1.5215510547736106
2021-01-18,0.7837213910252662,-5.959172913282482,-2.9915691609469897,0.9978342339209518
2021-01-19,-0.7476976865689687,-5.130193551630237,-3.505731150193838,0.8258726840237036
2021-01-20,1.5003050139849088,-5.741645286181469,-3.4861455715816287,2.0886983897965763
2021-01-21,2.005096825334437,-5.022304997966177,-3.504232276861538,1.0074026501495985
2021-01-22,2.310650114094535,-5.06008214937522,-5.187167662680398,0.6954550595033453
2021-01-23,3.830564027402467,-4.4405878464959,-5.6627609410761375,2.722126895355901
2021-01-24,4.127865318928313,-3.5500583636217105,-5.019851092095213,2.194535309444295
2021-01-25,4.341433243498641,-4.194167172587432,-6.05917423372766,2.112812304422865
2021-01-26,3.351255958515162,-5.059648805203613,-7.187693419543116,0.6558676332288418
2021-01-27,2.992434696442176,-5.7733555370069265,-7.203250916862361,-0.5741272162037738
2021-01-28,1.7831267820746979,-4.9987599838365036,-8.855987584535377,0.1965174943722271
2021-01-29,1.1569066194377597,-6.384732362280637,-8.204628756091742,1.1399002738360293
2021-01-30,0.8801991427118094,-5.627792534394684,-8.221614612458968,-0.6509383954225463
2021-01-31,0.8335517971172417,-3.5416352764682673,-7.144778287034129,-1.6664242147336168
2021-02-01,2.9341749859046047,-2.6629917432956427,-7.184973076635021,-2.2867906501161945
2021-02-02,3.5100280064863565,-2.678448557904778,-8.638439799459812,-2.438121843556428
2021-02-03,1.2355803663768499,-2.1891684059744523,-5.571997461793911,-1.6007131863873694
2021-02-04,1.8279444218871068,-1.716577056835524,-5.548513810131762,-2.614092917119436
2021-02-05,2.8119598198579023,-0.7059935163762732,-4.927750524217947,-2.746069208828647
2021-02-06,2.846089659719861,-0.7069882664023309,-5.489063416114245,-2.442175703502126
2021-02-07,3.274307431022146,0.8193951981799051,-5.7690349126620655,-1.586621165106816
2021-02-08,2.7805133051269757,0.1811039625204488,-6.713437474488559,-4.21783643829136
2021-02-09,4.0326022268148165,0.4357889275522958,-6.192850997143382,-4.032361860379781
2021-02-10,1.7497135114050386,0.36274674061517515,-4.778307209668905,-4.666643194210397
2021-02-11,2.4931394394739455,0.08488228524187963,-5.6892138575518665,-4.374373796197646
2021-02-12,2.880657544589766,1.4774701080469046,-5.703926930647643,-6.472875841238242
2021-02-13,2.0772868368470423,2.6320114286062877,-6.789828336045765,-5.382923570450176
2021-02-14,2.142316869843824,3.024930202902156,-6.331056844212781,-5.749401174041736
2021-02-15,1.2561636623823027,3.6704138079972517,-4.167557389379515,-5.930811963836441
2021-02-16,-0.43073742119998304,2.7545852424429356,-4.537668654665861,-6.128319136071009
2021-02-17,-0.917467948954697,2.747463517815897,-4.242351206745987,-6.3715607198284525
2021-02-18,-0.6301157146017943,2.7507614761072667,-4.789716524527721,-6.222303923149596
2021-02-19,0.40935709863304093,1.7396177740952252,-5.7092687671060105,-6.6463361197511315
2021-02-20,0.2512001221268413,2.761271593691842,-6.840453203489911,-7.023517013711413
2021-02-21,0.2733631508512948,3.8515117114499886,-5.778608305216953,-6.443793446837745
2021-02-22,0.5102792150293458,3.7432069277634286,-5.605013026250668,-7.383779596705554
2021-02-23,0.059074920790273544,4.8074718320063,-4.590587990148544,-7.028914847266656
2021-02-24,-0.1222879988172613,5.407549989756756,-5.024331252579484,-6.100682121708543
2021-02-25,-1.0198277176117214,5.525442221895272,-3.714988434333354,-7.805170766716043
2021-02-26,-1.5902770964098965,4.613859202439171,-4.6174317280978405,-7.27265049385778
2021-02-27,-1.6358828818679993,5.605517546324102,-3.262692581650419,-7.0400915341731904
2021-02-28,-1.032981925429835,7.035686929608112,-3.539942036398167,-7.499598479043898
2021-03-01,-0.41887190144913666,5.761844313705829,-6.130251302341577,-7.4681573754092305
2021-03-02,1.1808419275261943,6.077426136417145,-7.1366572073752295,-7.458935161391382
2021-03-03,-1.198071042945397,4.81864424915263,-6.5854786834661105,-7.645784781361545
2021-03-04,-0.4035516831881816,5.429585065405374,-6.661411559648397,-7.889608748330956
2021-03-05,-0.8153771966546908,7.438625450969037,-6.526331316512818,-9.831165911592318
2021-03-06,-1.4001818584400203,5.625565378541232,-6.869615554991574,-9.767344466553896
2021-03-07,-0.6469040465505403,4.51624114518488,-6.993054185831856,-9.254989904402715
2021-03-08,-1.9178033180554266,3.287229408149283,-7.772649685622245,-9.267973752674592
2021-03-09,-1.1394744297134325,3.6178824476403837,-6.739680611538735,-9.277365537402126
2021-03-10,0.61151898142297,2.050612511029021,-4.960873572164429,-8.384267536972056
2021-03-11,0.3923685917243098,1.8603048005769427,-6.387158002437139,-7.3180699497423465
2021-03-12,1.2453389561023136,0.975234757217337,-5.8419550529424855,-6.3726856599425075
2021-03-13,0.5612268415458893,0.17538840460573002,-7.464758309981978,-5.687644115813063
2021-03-14,0.7099177946579789,-1.2296789401762576,-7.950073886579687,-6.551523958228571
2021-03-15,-1.5894666523002705,-0.38614105443066415,-5.637416195611396,-7.540142435746215
2021-03-16,-2.949416011629502,-0.46270245287635947,-6.761536059200597,-8.884932780263327
2021-03-17,-2.72048035472749,-0.14296150831972076,-5.974836994698764,-8.689386648447131
2021-03-18,-3.7863701870613578,-1.352346755861309,-7.101197746681338,-9.042952477404688
2021-03-19,-3.4664146835849374,-3.339146707711423,-4.845055180011412,-9.47515254211102
2021-03-20,-2.8450980427432433,-5.2552139172268495,-5.589568219413022,-7.073620834337212
2021-03-21,-2.426921819972785,-6.375142626360919,-5.786594765837324,-7.415632933957313
2021-03-22,-1.4046520415724066,-4.770585106443249,-5.511950756636519,-6.599745957881793
2021-03-23,-1.9173908030933553,-5.194639166834291,-6.701111308605417,-4.910617554028118
2021-03-24,-0.2533769766379663,-5.166345652333377,-4.859562825973433,-5.554661978197832
2021-03-25,-0.012736020850706464,-5.332639042078852,-6.277992085846728,-5.715316947118404
2021-03-26,-1.1513318319109334,-6.246247613655403,-5.497154929045591,-4.105615271491569
2021-03-27,-0.8891798248151953,-5.6388996585038935,-6.299747694688731,-2.006968170348579
2021-03-28,-1.397823582369933,-7.258343634905725,-5.2041883983131525,-1.009007049697042
2021-03-29,-2.132113250279554,-4.981238879569549,-4.412221308352528,-3.7241508292945626
2021-03-30,-3.2395424515579267,-5.5101171503793,-2.951683810496747,-4.276909500431114
2021-03-31,-4.407984433913025,-6.275042268360735,-2.365245746526981,-3.8039794035225523
2021-04-01,-2.7561116363876836,-6.604092558703856,-4.838652078370933,-5.257031351643201
2021-04-02,-2.7520477672635675,-7.918874759993844,-4.190420261069868,-5.619521946373203
2021-04-03,-3.756069266252714,-8.828046738008677,-5.012991813495114,-5.520617842921514
2021-04-04,-4.704132446155339,-8.693642604450316,-6.3419505656515485,-5.6488507427598105
2021-04-05,-5.268833560277284,-9.742384397018398,-6.290482515547681,-4.49336989758282
2021-04-06,-6.194490932954361,-10.055507440656518,-5.9612436447251,-3.353718177233982
2021-04-07,-7.058491431870836,-10.598606535386356,-6.184317857039569,-2.0201929744709064
2021-04-08,-7.713486665975465,-11.274046083396556,-6.706060243639987,-3.5909547405957136
2021-04-09,-9.464826496160802,-12.620669428634415,-5.590894730225965,-2.2703958064334833
2021-04-10,-8.545704133814402,-12.690958987176046,-6.362666960860434,-2.567676564663193
2021-04-11,-8.223996502862853,-12.767890786412316,-5.0409832044385565,-3.11063962734852
2021-04-12,-8.60968538778914,-11.252529244174127,-4.427155169261888,-3.436348849974367
2021-04-13,-8.571498138654912,-11.370568826857541,-5.370844108663384,-3.5769135842827406
2021-04-14,-6.026024784996222,-11.243887906800897,-4.470327193771314,-4.396472483957338
2021-04-15,-4.675915356510433,-10.583053732932708,-6.2071730169873645,-4.029626951940241
2021-04-16,-4.859116792901162,-9.272354274106245,-5.016975085115821,-1.7797900712162225
2021-04-17,-5.568118443718741,-9.091385368398267,-5.555561304402342,0.4124366087777074
2021-04-18,-5.585303277762546,-9.753009629730865,-4.9919011021877715,-0.4916968495239994
2021-04-19,-5.61576090209331,-11.994959191455887,-4.977539904681964,-0.9243063617724048
2021-04-20,-5.6943675629034916,-11.085933897501212,-4.066430399174712,1.063828269104277
2021-04-21,-7.892796461055159,-11.260243979012921,-4.715493176145373,0.6888364784315553
2021-04-22,-7.230970981333653,-12.964271339375431,-4.762224568113664,0.34319029158799536
2021-04-23,-7.108965130705626,-12.041136589888193,-4.421976824417537,-1.3779437269784
2021-04-24,-7.7017885063000735,-10.43685011254992,-4.085121868563536,-1.083422006304508
2021-04-25,-8.742673855821781,-9.245056062625856,-5.479973143016011,-2.5504560509839598
2021-04-26,-10.117817680417778,-7.68573972000333,-5.7795316199879325,-1.422059326019135
2021-04-27,-9.082523984226814,-6.332084042510205,-6.1991760358354275,-0.42643874621379596
2021-04-28,-9.659727813812205,-6.410518696925437,-5.8341786930246595,-0.9977452132965536
2021-04-29,-10.837030441903535,-6.423255875416968,-6.284710893560106,0.17015145779267393
2021-04-30,-9.83901857639919,-6.5208534594447505,-7.023177109990881,-0.027988512200938287
2021-05-01,-11.072039466388969,-6.652489484405662,-7.388829869650882,-0.12026189069970686
2021-05-02,-12.268064957746043,-6.495883754569958,-7.024953185991678,-0.5755564688715796
2021-05-03,-12.248753937882746,-6.712413244923666,-5.29097366006563,-0.4022931757684961
2021-05-04,-11.817496791754536,-6.707758343659412,-5.034327960876686,0.3997341993306526
2021-05-05,-12.779102290161362,-7.033740422319193,-5.89396519713852,0.30787922780959776
2021-05-06,-12.727696594988595,-7.766172685893746,-7.164974012254258,0.024664346574140406
2021-05-07,-12.695728124829314,-9.027178879725023,-6.951748485826114,-1.4463982577431689
2021-05-08,-12.318115937440972,-8.334550576230495,-7.699652459805551,-1.1767962432216224
2021-05-09,-13.401045455845814,-8.282329412443161,-5.9172615869220495,-1.2627128160040453
2021-05-10,-12.78817140790119,-6.823309596885288,-6.441838954340337,-1.4370939820475692
2021-05-11,-13.905826785462486,-6.133884880235056,-5.831524980702923,-1.2563804546248412
2021-05-12,-14.744041446762902,-6.6686855487248415,-5.847181590409118,-3.0322659494134454
2021-05-13,-15.303353309289959,-6.677662873314468,-6.5649630665315994,-3.3433337617004364
2021-05-14,-16.27399493183971,-6.50687012912318,-6.716427733961617,-3.346434851176623
2021-05-15,-16.835723427202065,-6.535241471803476,-6.667294705323597,-3.636751902059284
2021-05-16,-18.385485555290035,-6.178980291244935,-8.011824507409152,-4.571112797527582
2021-05-17,-19.951882782144374,-7.929776340681212,-8.178724224330097,-4.675019876595302
2021-05-18,-18.775973731409938,-8.484686785486518,-7.315196510623021,-4.740486593309385
2021-05-19,-17.737751482308298,-7.631921025436681,-9.60730059135906,-5.4066278036436355
2021-05-20,-17.67972369002638,-8.129500074833647,-10.016556242793373,-3.772125990669248
2021-05-21,-18.84679287769707,-7.040005442012783,-10.171855563172999,-3.471489913383412
2021-05-22,-20.00651810418477,-9.35770796265016,-8.975605320797927,-2.3885577133164286
2021-05-23,-19.9618213289184,-7.168985658875718,-8.979957016554604,-2.294546420675658
2021-05-24,-18.7682611942342,-7.8084856038366395,-10.150284409148076,-4.388772845801105
2021-05-25,-19.688488035009097,-8.080731004329502,-9.737303144118247,-5.156249074185034
2021-05-26,-21.71316169705249,-8.565056498967834,-10.055232274457403,-4.73527436371769
2021-05-27,-21.611372158570607,-9.784798267640175,-9.234865687796866,-5.01742824337114
2021-05-28,-19.487161911806623,-8.971894337335794,-8.04649184858668,-5.022846620605129
2021-05-29,-21.864996986678957,-9.754189633067647,-9.684839858168804,-5.251986789500709
2021-05-30,-21.413097945312213,-10.989030726469768,-10.745762949608784,-5.70080946031432
2021-05-31,-21.580176324584137,-10.098651456934205,-10.99945433020248,-4.27573253677751
2021-06-01,-22.803786193303733,-10.98869967923926,-10.096211962584198,-4.31811517474497
2021-06-02,-22.55623996950332,-10.935312129152846,-9.048881992116321,-5.470875462394835
2021-06-03,-22.79243007845719,-11.438750230472879,-7.9522224231447165,-5.847659574846232
2021-06-04,-22.20313582157708,-12.477628659023797,-5.871122079501362,-6.156288420232006
2021-06-05,-23.38271408174152,-12.122555524750817,-5.539977025880394,-6.0921127227418115
2021-06-06,-23.743273685437696,-11.512729369883925,-4.244029899463341,-5.350172796215778
2021-06-07,-25.61283627202382,-10.880275811913869,-3.314198023124951,-3.317680599460605
2021-06-08,-26.56798337057006,-11.174044407834252,-2.7076289522979473,-3.756298914620025
2021-06-09,-25.77819533522054,-11.254732834991975,-4.866240854739534,-4.10534407870986
2021-06-10,-26.97458459621546,-12.499920303371214,-4.8014375270639285,-2.9016091623909217
2021-06-11,-27.34927842991766,-11.478438002829101,-3.2852317452010653,-1.7212321688301404
2021-06-12,-27.496447345474078,-12.11308371367203,-4.06476276220557,-1.6730450556961465
2021-06-13,-27.671249944659273,-11.480854195086247,-5.965457169023924,-0.5968615825507637
2021-06-14,-27.79796472839257,-12.98902704053914,-6.285547765270166,-0.6632901207354547
2021-06-15,-26.841878248870874,-13.033511467628994,-6.1363340476897665,-1.736957480856883
2021-06-16,-27.823626903067954,-13.814776302469364,-6.6561131402216525,-3.804631370325748
2021-06-17,-28.946676772013944,-12.86370430190737,-6.310459242350142,-3.588769376873889
2021-06-18,-30.042464394100094,-11.061325178123534,-7.775880444506398,-3.1926864620627065
2021-06-19,-30.857593341597422,-10.992080107208704,-8.887144338588868,-3.0351808125754154
2021-06-20,-31.548562327216736,-12.126686466870993,-8.790261830074492,-4.6279536893301945
2021-06-21,-30.047486894234666,-13.166669460621371,-9.207179687242625,-5.1849039950823785
2021-06-22,-31.02798639388504,-13.332009442687976,-8.139265328537267,-5.00500292499659
2021-06-23,-29.987210752117626,-12.940283336689838,-8.406983802475658,-4.2759344936591335
2021-06-24,-28.793141004797686,-12.739362535064624,-9.288950412608234,-5.274295910810009
2021-06-25,-29.347557788773063,-13.474737311538632,-7.788534598297175,-5.877495681216304
2021-06-26,-30.057467230115616,-14.059257133457997,-6.318389859842844,-5.523759173523275
2021-06-27,-30.096961911744238,-13.710578832626686,-5.956812522680879,-6.028024183742448
2021-06-28,-30.436786836978605,-13.004852221825091,-5.332563410834217,-4.77866154566251
2021-06-29,-31.45235616067198,-12.078050154462558,-6.237840201386528,-5.68831678771291
2021-06-30,-31.031553130819617,-12.997609697931512,-5.908749497026821,-5.163357835487476
2021-07-01,-31.668526132512262,-13.036640583680203,-6.5541597207188955,-5.731857334580418
2021-07-02,-31.878777190081998,-13.183717814142602,-6.375795199199286,-6.136127145105508
2021-07-03,-31.98253803005558,-13.093753687429606,-5.966375091582975,-7.27467840431046
2021-07-04,-34.89171415092381,-13.317432862245104,-6.619206372910385,-8.032766554290772
2021-07-05,-36.95614848448473,-12.099667886738887,-6.789063165692047,-9.226669141608204
2021-07-06,-37.63082627776649,-11.74321008319566,-6.527755827542993,-9.051566823944688
2021-07-07,-36.48692793531716,-12.638970079302812,-5.587803361861323,-9.745309990191274
2021-07-08,-37.05820294655653,-12.536061908421335,-5.414142307451006,-8.42402107639526
2021-07-09,-36.226453313427946,-10.60501602309183,-6.492691723938156,-9.727254048153318
2021-07-10,-36.92755878657436,-9.291985399135632,-5.8281713784469975,-9.652203253767238
2021-07-11,-37.22188895215159,-7.957174906497743,-8.620659782675162,-9.67622338148712
2021-07-12,-37.815372420522124,-7.029729619025497,-8.939476349482188,-9.891884952735886
2021-07-13,-36.90973983210898,-6.734442863813688,-9.46415774287999,-7.98859912881122
2021-07-14,-35.74498457482472,-6.455956768673526,-9.943479687938185,-8.598293992530854
2021-07-15,-35.86524995421476,-5.542387682737692,-9.268191948702162,-8.617032399895125
2021-07-16,-35.40023758913203,-5.261243146573086,-8.479743379463256,-9.8989440136808
2021-07-17,-35.551972846890855,-6.676332665850053,-8.661752092289646,-10.538472985687461
2021-07-18,-35.636290186278494,-6.413383037959031,-10.01527489800115,-11.51637989088977
2021-07-19,-37.92947711150552,-8.420819198052136,-11.440436651250526,-12.998537723329198
2021-07-20,-36.73235948965795,-7.9171620135769105,-11.446001006205615,-12.871436456834651
2021-07-21,-38.61557545702244,-8.213411501155598,-11.612844427524443,-9.791508001738006
2021-07-22,-39.04116009830452,-8.086149080969271,-10.833562447979535,-9.590870951264149
2021-07-23,-38.14989216235491,-7.756509540124417,-11.025029556614102,-10.000599638154767
2021-07-24,-39.08831763772668,-8.358413377733255,-13.066115651390287,-9.367918659276034
2021-07-25,-39.6331265152523,-8.669503088075299,-14.845035834077365,-10.206389421462177
2021-07-26,-40.11465535542993,-7.880308612727888,-16.39437482283436,-10.262888594614813
2021-07-27,-41.56127846538987,-8.32594997280602,-17.9715558133126,-9.756631146609237
2021-07-28,-41.664914164068165,-6.092186470390533,-15.875114055837031,-8.082548217736075
2021-07-29,-40.89295348000064,-4.99206118590574,-16.628044191968694,-8.71010808523901
2021-07-30,-40.731139094237506,-4.789042341765464,-16.483717420337474,-10.485260414237572
2021-07-31,-41.754310114940395,-4.746638474566788,-15.914799494515663,-10.833039308159842
2021-08-01,-43.31118782056043,-3.3418086592461544,-14.984996384245092,-10.727718019326122
2021-08-02,-44.32277909546723,-2.6187169867347593,-16.391507618615982,-11.12744875332172
2021-08-03,-43.75772182468457,-3.358227602372922,-16.272457134397794,-11.103997407056367
2021-08-04,-44.280677910271216,-5.757992599496534,-13.306100929583376,-10.996490478175707
2021-08-05,-44.311533806301235,-7.9169138515309925,-13.599252135873371,-11.032364489517999
2021-08-06,-45.92714008073138,-7.65343822746417,-14.056695957785227,-12.161201483941724
2021-08-07,-47.02232410692467,-8.38830433599965,-12.32840082097936,-11.733636965677047
2021-08-08,-47.82826485192242,-9.087859490880529,-12.403713929309818,-12.268684209652744
2021-08-09,-49.621134027379284,-8.974240104808613,-12.95299785766666,-13.815950048417552
2021-08-10,-48.10709422032509,-8.543526626989786,-13.174404271040219,-13.362612018432849
2021-08-11,-47.52447836151048,-7.236648805559844,-14.768075894845436,-12.12873086872586
2021-08-12,-48.873919286868286,-7.289940435839932,-13.793722764112664,-13.44795366812299
2021-08-13,-49.026675738841895,-6.404574590911286,-15.538075625893654,-12.353904548770007
2021-08-14,-49.01057563873349,-7.930828696351324,-15.058025144888527,-13.177441124644364
2021-08-15,-50.175020743748625,-9.151044151248058,-14.808454804336359,-13.029003285500076
2021-08-16,-50.11420708355762,-9.631439602706717,-14.615844457927754,-13.584912875516737
2021-08-17,-50.39276263686131,-8.360328371076674,-14.321986082670177,-12.995618117928824
2021-08-18,-51.1004613878534,-7.560545243898709,-13.113261522555202,-13.192952378018123
2021-08-19,-51.27870397656729,-6.664760983288758,-12.397758063126535,-12.388108403229076
2021-08-20,-50.06627799066303,-7.299508991370417,-11.994404125990684,-10.977563618275349
2021-08-21,-50.815134644519595,-6.613787574286779,-12.693035240827934,-8.94496632941387
2021-08-22,-50.39799629582509,-7.73533048583448,-11.31093375489306,-10.139641274371277
2021-08-23,-51.13927188225597,-9.292317512368063,-10.460560998716222,-10.254321006031782
2021-08-24,-50.79601817886188,-8.121209747250584,-10.7428503128578,-10.586954681417666
2021-08-25,-50.26601500472089,-8.147904410140203,-11.225435771059757,-10.839575678153496
2021-08-26,-50.84502563845106,-8.767125096094984,-10.15684477730467,-8.967983855142318
2021-08-27,-51.21923075073502,-8.75529668579157,-11.316325615956524,-7.68458185489761
2021-08-28,-50.39820292886987,-10.06074685769525,-11.62608775773261,-8.281428276104334
2021-08-29,-48.55302487085349,-10.664758188233915,-11.779820053137303,-8.455961232842263
2021-08-30,-48.659842826627084,-10.029702272650157,-12.260653126213212,-8.397470850016473
2021-08-31,-47.81721536260528,-7.896293106920577,-12.760974180711207,-8.030168711628054
2021-09-01,-48.68858583394012,-6.242895884883185,-12.353714641177856,-7.972459856930765
2021-09-02,-49.4026798730737,-5.163443950917136,-11.255616337888446,-7.274687070517743
2021-09-03,-47.82583278378055,-5.525218567294809,-9.918660427814844,-6.314941386788282
2021-09-04,-48.30692536127214,-5.397619935501139,-10.36475257087936,-5.432004332584324
2021-09-05,-47.76958687589695,-6.810903558194798,-8.419121355129787,-4.292993059478539
2021-09-06,-48.3269175362366,-5.04390442242782,-8.533550399683895,-3.711681500142428
2021-09-07,-48.38177345295004,-6.577893567337162,-9.667602142520172,-4.555824008542069
2021-09-08,-48.632630082917935,-6.44479549928769,-9.594631452091262,-3.862132098550535
2021-09-09,-47.26589097195395,-7.627854656596315,-10.963428259454803,-5.108892906934732
2021-09-10,-47.3480577722297,-6.225492050200769,-12.442601582507582,-2.9431439055432542
2021-09-11,-47.10123358900344,-5.3718381395976245,-13.318566322703054,-3.171453261026722
2021-09-12,-47.25541939606803,-5.657001219127672,-13.720310543669525,-3.5632721014122275
2021-09-13,-46.25722783702106,-5.58946315822695,-15.204674052305572,-3.525399419384035
2021-09-14,-45.62921324781189,-6.778463210980561,-15.464655087893762,-5.130955252355537
2021-09-15,-45.080840020705836,-6.6958559944282605,-12.592421039625396,-5.6356388184260755
2021-09-16,-45.09552215925456,-7.22953153647775,-12.306685258725546,-5.757627124157011
2021-09-17,-44.74147328673968,-7.595232316201332,-11.836357693875984,-5.753774377804435
2021-09-18,-43.31311873120243,-7.375414292150352,-11.220677654553116,-5.297460376624604
2021-09-19,-42.740328565998254,-6.049976873815073,-12.023313646184311,-6.5565387783099744
2021-09-20,-42.44673697188002,-7.1359854814158625,-12.649654893399216,-7.235596701554748
2021-09-21,-41.09130483218207,-6.935766150406698,-12.180691131334848,-7.5432073426837425
2021-09-22,-40.02578397609795,-6.739079385208343,-10.518639985025283,-7.532388966416008
2021-09-23,-40.52381339422316,-6.532797777253171,-10.24608087971678,-8.236984516746075
2021-09-24,-40.60962041193134,-4.403952513624894,-9.924817473615827,-6.031641844134252
2021-09-25,-40.81404348132101,-2.6902837461509486,-10.75215138487917,-6.5906129107600915
2021-09-26,-41.938367757815556,-2.4900834639270713,-12.641428990355463,-5.092684991135696
2021-09-27,-40.10178563231089,-2.701242623491666,-11.415098779826316,-4.879357652903779
2021-09-28,-41.32388917720604,-2.6366815532456886,-12.360793828902924,-3.2302676867133657
2021-09-29,-41.4232351575983,-2.7738652003473945,-13.037249924575672,-3.131340011191045
2021-09-30,-43.03955863322796,-3.1137738001174275,-13.061332158561001,-1.4669367121856873
2021-10-01,-45.45175687550575,-1.6461071298920866,-11.017794428110527,-0.06194106292618784
2021-10-02,-44.919198780209044,-2.601098486308656,-10.834412496713387,-0.9248700558153166
2021-10-03,-44.24599911157849,-2.3176900881726903,-10.421126993861666,-2.11473480996225
2021-10-04,-43.53999132722538,-1.4062532082527108,-10.229807422935561,-2.1909690814947624
2021-10-05,-43.15883197116194,-1.5245251074972337,-10.472430340247781,-2.190038395826612
2021-10-06,-44.18676424560319,-1.476372444098318,-9.237232446601865,-1.5696872307946166
2021-10-07,-43.489148332415915,-1.5816691047173546,-8.207780801138314,-0.8954087563631639
2021-10-08,-43.277610390187256,-1.662207170499933,-9.106962362235633,-1.1251140368664272
2021-10-09,-42.99231595413949,-2.1698636012989594,-8.011002350259325,-2.288064301384375
2021-10-10,-43.469497218142735,0.20680846822469778,-8.795809507316164,-1.2006091449000171
2021-10-11,-42.729675585207076,-0.12209762374656807,-7.250355071842862,-0.14188305956794456
2021-10-12,-42.51492082910389,-1.220781462111647,-8.649289532352803,-1.3803234611664208
2021-10-13,-41.6670542717686,-0.3657270293983802,-9.852680873036789,-0.8164906917772738
2021-10-14,-41.42294789674202,0.464948000805139,-7.1736562662659615,-1.1975096532631249
2021-10-15,-41.89716277178293,1.042761169754598,-7.01738944785018,-3.7477860075057734
2021-10-16,-42.238925280880785,0.8995182493723876,-7.517175593567657,-3.4751351341539953
2021-10-17,-42.04845226822737,-1.711696929408757,-8.028235819098109,-2.7273718318468485
2021-10-18,-42.34314245382767,-2.2588542128909355,-6.862670763329103,-2.0044093293373764
2021-10-19,-40.516017253753006,-2.5952906652993097,-6.219112826049783,-1.0130601815662783
2021-10-20,-39.62378209466097,-2.7983859418698795,-5.9946498533438515,-1.8069956187940162
2021-10-21,-40.440431977268204,-2.328972974773319,-7.766195569389332,-1.5288983093240698
2021-10-22,-41.186719591005975,-1.2857539335825967,-7.366519028251488,-1.4337801989384218
2021-10-23,-42.84097020430353,-1.4579593999808425,-6.4085034234970015,-1.8059729844541184
2021-10-24,-41.85898077834918,-1.901982420591216,-5.611510312738472,-3.0727567051070848
2021-10-25,-42.00814588872638,-0.8434444132073198,-4.87675463960434,-2.841588656442726
2021-10-26,-41.826452582757284,-1.6325606016494323,-3.804772047079199,-4.775341834549607
2021-10-27,-41.99514640577501,-1.599273535616742,-4.00905710914927,-4.880629475138913
2021-10-28,-41.74402639107729,-3.0784076785332224,-3.7266635408960296,-5.701987979753976
2021-10-29,-41.589985357955364,-4.143530267940856,-3.763781083494704,-6.3898943211000745
2021-10-30,-43.0260380802244,-5.87780840785391,-3.2266667010424817,-4.526617678813932
2021-10-31,-44.107080984030276,-5.055402880540719,-5.458216292207121,-4.145059005034004
2021-11-01,-43.69332317597114,-4.612448635478293,-3.3236082016845607,-3.2691888504815942
2021-11-02,-43.70188039726026,-4.847237364731934,-1.222537483955012,-2.6332066502789653
2021-11-03,-44.50864949221398,-5.290509690829601,0.09572127483211923,-2.528424918005906
2021-11-04,-45.06563890389697,-6.108626750891199,-2.61570050307259,-4.686446625484951
2021-11-05,-44.56722260354985,-6.375386694372023,-2.2478518653620077,-4.4346578790076
2021-11-06,-44.804246854074336,-8.236588956210362,-4.114050705164066,-5.092975129216111
2021-11-07,-44.650326274180934,-8.251444464921143,-4.283031828279943,-5.6684686574434595
2021-11-08,-44.77768591383032,-8.024523368512149,-6.47152039108558,-5.914802255899805
2021-11-09,-43.798912495907025,-9.031920027227896,-6.626952714995213,-5.532238807711114
2021-11-10,-42.878441482202724,-8.203872587534047,-5.991483829953401,-5.352688049011502
2021-11-11,-43.516746266843114,-7.138060855812941,-4.411521812249343,-5.78485592216265
2021-11-12,-42.76183585472365,-6.552907154506947,-5.478654559634568,-4.94127192033408
2021-11-13,-42.9064113008096,-8.47245204981312,-5.396872890681862,-6.134588986602834
2021-11-14,-44.1234631126295,-7.083859822325898,-4.376836284186307,-6.473798023610014
2021-11-15,-44.008440328757665,-6.373436064412094,-5.727889726847667,-7.143693725216599
2021-11-16,-43.84758221522589,-7.101343073751962,-4.4335070913560966,-8.222456722109115
2021-11-17,-43.5869403358522,-8.47391798575401,-2.961970608526924,-8.056765768236739
2021-11-18,-44.6206803353605,-9.512626103028651,-2.7973888021548836,-6.081328124804688
2021-11-19,-45.11550089207635,-8.278599286684981,-5.66179768096569,-7.158481776910236
2021-11-20,-47.18335288383439,-11.825996236785127,-6.537638041834061,-6.752342245283785
2021-11-21,-47.60600672278096,-11.774267720488448,-6.285519149956905,-6.613673207026064
2021-11-22,-48.34934141853003,-11.045522569918932,-6.165001729729735,-5.9897564180800655
2021-11-23,-48.05942688218787,-9.713900856170131,-5.993225434021351,-6.88399108371929
2021-11-24,-46.51399959493138,-10.292473068230656,-7.224696408579589,-6.325534613238822
2021-11-25,-45.869848683377334,-12.881692820039436,-8.775095925568067,-5.766154878754334
2021-11-26,-44.94116004410946,-11.124664860220026,-8.426427120941081,-4.6556583497194906
2021-11-27,-45.95661906523498,-11.548904916657898,-8.411572901268626,-5.7327355165976615
2021-11-28,-46.67924885408796,-10.95604268015487,-6.775332005051197,-6.601862066058557
2021-11-29,-48.156570482596344,-10.768145969397876,-8.294260958141964,-7.089403992077209
2021-11-30,-47.37505487195627,-10.957261887702439,-8.156399251306883,-6.8855919767308915
2021-12-01,-48.521379107129725,-10.29309516346163,-10.194537417382513,-8.070340586703587
2021-12-02,-49.819134327912735,-10.455947623158638,-7.944833184384293,-7.700601495638153
2021-12-03,-49.26259003254712,-10.348857547939652,-8.792153855529763,-7.5669642899228
2021-12-04,-48.88271931116809,-10.010087731508655,-7.528651282539673,-8.328169329406798
2021-12-05,-47.67793316327305,-10.289167234892458,-7.114181338835743,-9.144151789731161
2021-12-06,-49.57070681197829,-12.358873306697568,-7.255665356593874,-9.91420932275862
2021-12-07,-49.90078526163717,-12.040199126823723,-7.880007613172288,-10.823124146821367
2021-12-08,-51.10335342333535,-12.311935270139767,-7.255614463199301,-9.706669204539448
2021-12-09,-50.04973524463376,-12.032449560395962,-5.895053822774749,-10.044175417272248
2021-12-10,-51.09418256179803,-12.297026451419088,-6.85653168519329,-11.409249384356853
2021-12-11,-52.68188583308651,-12.70790561133953,-5.498124230979789,-10.050713582817314
2021-12-12,-52.17985140436445,-11.542565925322096,-5.147115684019953,-9.85597393962132
2021-12-13,-51.642631281676216,-11.460712361578185,-6.698350901759257,-8.56667173975853
2021-12-14,-53.39055603935293,-12.217662128327902,-6.591287188053752,-8.861760972484158
2021-12-15,-53.61451000540729,-12.659338247068284,-6.980056651846903,-9.475592385404578
2021-12-16,-53.05736767367695,-13.738212368316571,-9.29414496663304,-7.084553154527251
2021-12-17,-52.40598280667518,-13.438636610819666,-8.721533217138672,-8.161515734005532
2021-12-18,-53.6701709437191,-13.51179332321929,-11.144319413208104,-6.810104177384721
2021-12-19,-54.25676366629031,-13.979715056561531,-12.388908195109257,-7.079362227727312
2021-12-20,-53.75264238586674,-13.367217830986865,-11.221470640240986,-6.801023530464596
2021-12-21,-53.71546069982599,-14.274247090490803,-11.097317194086628,-6.380046348155451
2021-12-22,-52.75753765956992,-15.05634428679979,-11.532353650378154,-7.8626674483817665
2021-12-23,-51.2825235829116,-15.381814446381313,-10.350136753636761,-7.781079388040156
2021-12-24,-50.459098396211054,-16.258487584366822,-10.651315700676333,-7.994181611449441
2021-12-25,-51.5965995275037,-16.144320016703496,-12.27061435687158,-8.20950810421387
2021-12-26,-51.16145114887732,-16.21760038096708,-10.97063841952703,-6.524697945058369
2021-12-27,-50.9698594341369,-15.312199269832687,-12.227736475050696,-7.2926169991782945
2021-12-28,-51.096553800979564,-15.385759730408092,-11.330349948959533,-7.756812111771803
2021-12-29,-51.25541008258755,-16.292644267924974,-12.326792110891061,-7.806763387013264
2021-12-30,-50.9493223979386,-15.704469817097232,-13.662482825517834,-7.530639840280079
2021-12-31,-49.91212516690779,-15.123201124165977,-13.00461970984986,-6.679934274335441
2022-01-01,-49.03814498673518,-15.400278184184984,-12.054835042679041,-5.785992697948576
2022-01-02,-49.98841505368424,-15.239722285675125,-12.905750242396962,-7.0556857934750745
2022-01-03,-49.341964132486616,-15.674979526380406,-13.579893513675787,-7.180642737570482
2022-01-04,-49.234623598158564,-16.2117588911521,-13.53121325197828,-7.9927462399482225
2022-01-05,-50.507246902225546,-17.412909962521393,-12.50669075749109,-8.135994882927722
2022-01-06,-50.5307430060351,-16.8813319486035,-13.07059234416263,-8.729755473903502
2022-01-07,-51.482624363917495,-17.162404209818057,-12.373099454865102,-7.571620233756246
2022-01-08,-50.128260892041574,-17.956450351456507,-11.891484806793043,-8.519185534579876
2022-01-09,-49.68060309295539,-15.885036876040392,-11.130680349344194,-7.97080125773542
2022-01-10,-49.81696652498032,-14.91105521431969,-13.088341486557045,-7.53546132211752
2022-01-11,-49.289846393180866,-14.403243773885777,-14.396465234162392,-8.818779053746663
2022-01-12,-49.567971574505336,-13.893895463088523,-16.391131819964908,-8.005625427540032
2022-01-13,-49.227346631538985,-13.175146980727723,-15.86895914212373,-7.365350280009178
2022-01-14,-48.846305076260066,-12.970477110446009,-16.34594797062819,-9.204211900917205
2022-01-15,-47.76764905236022,-11.735954249428385,-16.888112450987144,-9.430681330782438
2022-01-16,-46.230184643897026,-9.552023180042625,-17.33814204043091,-10.357978440612943
2022-01-17,-46.71977859966573,-10.361802401389262,-17.947952896911517,-9.582409694032096
2022-01-18,-46.47634065683839,-11.94230740443762,-18.334457468764324,-9.496567236444953
2022-01-19,-45.61154619414892,-12.987216716654343,-18.428460513409693,-8.886407159828062
2022-01-20,-44.05868290636318,-14.269947547531828,-18.385232172076126,-9.8531090286189
2022-01-21,-44.006348510220185,-14.805772326292121,-19.567002515961452,-8.880925264707548
2022-01-22,-43.95577224454667,-14.313022500097908,-21.91028756939047,-7.788817126258081
2022-01-23,-43.36311773695808,-12.101554463222902,-21.8013248098294,-8.03616457112228
2022-01-24,-44.627370082216395,-13.769345552131925,-20.77540918370029,-7.602492620558943
2022-01-25,-45.266025668419715,-14.088891225877578,-19.420870312688432,-8.630913063481156
2022-01-26,-44.40861706055811,-15.827325084575817,-17.414296460856765,-9.173095872410912
2022-01-27,-44.49766511653759,-15.06344976290472,-16.17979417841089,-8.762351846120584
2022-01-28,-44.5653681762321,-15.432362658416418,-15.724543379637165,-8.664550515153715
2022-01-29,-46.12654922198135,-16.12395029169637,-14.986040779166574,-6.915588154500323
2022-01-30,-46.51495121743113,-17.11221737705546,-16.45047931443111,-6.375704593073409
2022-01-31,-46.49377744089237,-17.8441322542346,-16.845302492387503,-4.738369167261869
2022-02-01,-44.93216861637413,-17.32911513428152,-15.860407877711653,-5.340857197796851
2022-02-02,-46.22302809148232,-18.20573220412345,-15.22551801459205,-5.016076929291279
2022-02-03,-45.85205202305212,-19.69610544531965,-15.27887406604645,-5.532758077235233
2022-02-04,-47.831929095789576,-19.42389964387944,-17.192245441079592,-5.325798721204945
2022-02-05,-46.894736218574934,-19.191123086752523,-17.391016883370312,-6.0944652895556
2022-02-06,-48.15151214390638,-17.955165021676766,-17.113427091666953,-4.383476745369345
2022-02-07,-48.82196445243389,-18.63535357005659,-16.54072533163303,-4.225515009920552
2022-02-08,-47.29358839740384,-17.039069654539237,-16.681296341647442,-3.4636205662922386
2022-02-09,-46.77927322885589,-15.94399941228925,-15.215090102946018,-3.102462597431469
2022-02-10,-47.87453335696356,-14.61859616536081,-15.626163914870018,-3.2364235069177143
2022-02-11,-48.075775420396475,-14.86995757443438,-14.427885039256793,-2.6219697410107425
2022-02-12,-48.16110442037923,-14.564688429846454,-15.203543478292609,-3.891446806192091
2022-02-13,-46.347010104325996,-13.710497222909803,-14.068826581129402,-6.089095083399242
2022-02-14,-45.48298556672783,-13.533590117612428,-14.603406760887404,-7.437520277293866
2022-02-15,-47.06289554032142,-13.740297859466912,-15.288736288831554,-7.2323446813458565
2022-02-16,-44.87083042077792,-13.760801445417997,-15.144379552790095,-8.493748497779036
2022-02-17,-45.923806106590426,-13.319306748117095,-12.939578766637922,-7.7720293394604445
2022-02-18,-45.439147177561985,-12.870689832127049,-13.182031881517895,-7.212660660070187
2022-02-19,-44.542213454022864,-12.914395714051071,-11.921014046370216,-7.277373834183216
2022-02-20,-44.946115476211745,-12.967787770651672,-11.674159689294722,-6.689560670009681
2022-02-21,-45.6114766050416,-10.712465195022165,-10.748265636458084,-5.658661597825387
2022-02-22,-47.999555431898784,-9.194222229727984,-9.532332413810769,-4.491478974355927
2022-02-23,-47.40045510014867,-8.27323631896678,-9.127195989692767,-4.735602292790335
2022-02-24,-47.29297508339633,-9.23054946860119,-8.684249147004945,-4.589475224163175
2022-02-25,-48.19895177194696,-10.290408166542647,-10.151494274895926,-5.259431154229773
2022-02-26,-48.505615129099446,-9.920804356927103,-8.770921070616275,-5.786274876514806
2022-02-27,-49.0644715280834,-10.428865395705264,-10.012591199234306,-4.421225759744379
2022-02-28,-48.42827618587085,-9.013825454205744,-10.106498164838593,-4.909249548269218
2022-03-01,-48.730882429832725,-10.20906731364647,-10.274309708351435,-5.6067804649169855
2022-03-02,-49.25870909219166,-9.878875009875799,-10.052013666525275,-4.760676918326839
2022-03-03,-48.18429148215159,-9.744369394085039,-9.974094073129779,-3.7062434184764417
2022-03-04,-50.14894189023343,-12.596195359944675,-9.921124588146848,-3.5209710738580697
2022-03-05,-50.195149182286706,-14.662325803236437,-8.804744749570721,-2.357955327463826
2022-03-06,-50.59251081198529,-15.516642885053091,-8.623851293608034,-2.4642526345767126
2022-03-07,-51.075111719805555,-14.473314024692591,-9.956564091755158,-1.952960067845499
2022-03-08,-51.7610483872896,-13.359948166131836,-10.346682315839754,-3.3360904772846887
2022-03-09,-50.87508837945919,-12.77007061583229,-9.657648002244594,-3.035085058965492
2022-03-10,-51.248595842754064,-12.355998853567735,-9.781205114647836,-2.2895286244864366
2022-03-11,-51.412854268463335,-12.164694467862383,-10.045855404774137,-2.04805174508519
2022-03-12,-51.97976403855879,-11.628595640079554,-9.920633269702565,-2.547299844455387
2022-03-13,-51.86889230803698,-10.303387801683629,-8.554904035513177,-4.011712340396352
2022-03-14,-50.788139864856305,-9.612106734190036,-8.640733274410515,-1.7943650446014927
2022-03-15,-50.93852765936914,-9.954733006845414,-9.246159361046288,-0.18033241464436833
2022-03-16,-50.60007219596361,-10.109879594810169,-10.17594879980059,0.824056793567447
2022-03-17,-48.97965326685554,-10.398314941923395,-8.84381534506362,0.3310974247802125
2022-03-18,-47.60567823502594,-9.570193809926202,-8.08629557780941,0.39909237054641605
2022-03-19,-47.92628731933686,-10.52800544476805,-7.609658817000957,0.43556302629076876
2022-03-20,-45.33624118294895,-10.661914758917963,-7.471015077121226,1.8013644875472132
2022-03-21,-45.088051515034664,-10.787105743901286,-8.513797215773085,2.0154375234432242
2022-03-22,-43.61962553254501,-9.913487861557531,-8.254935817349995,1.519962247991529
2022-03-23,-42.75311691295337,-9.510185294360069,-10.98713943672269,1.913914558991255
2022-03-24,-41.91292293527241,-10.124739770807295,-9.843558543830783,0.8429289515494369
2022-03-25,-41.1923999658437,-9.826167162483667,-10.600863859406825,1.7058695555726238
2022-03-26,-41.297725219657174,-11.972097542537087,-10.66176899492639,2.7817603329161598
2022-03-27,-42.430113678638065,-12.848092896431973,-10.104624693480305,3.2255687818614267
2022-03-28,-42.61325031753629,-13.570535536178964,-9.34338036428306,2.1699826448880954
2022-03-29,-42.669097674407055,-15.342278327142946,-9.125601434858172,1.9928890934230385
2022-03-30,-43.449555483209124,-16.15497937458974,-6.677543261619681,1.372889044048749
2022-03-31,-43.373798051251114,-16.58462706694695,-5.681471618262013,1.4144583849882317
2022-04-01,-42.70232036713747,-15.246078891092491,-4.779316471913493,1.3474380778693291
2022-04-02,-42.3503588631245,-15.879251743278582,-5.0960931807781416,1.2881215463699547
2022-04-03,-42.93679812495853,-15.70097928387821,-5.8122269933149315,2.271036592906552
2022-04-04,-42.16748272756307,-15.927928885285676,-4.942569452438668,2.2241065256391375
2022-04-05,-42.44901548558677,-16.651027831904905,-3.7906167691259114,3.9992259529737852
2022-04-06,-42.683101392086705,-16.332026424804393,-4.324064728550147,5.16161092784804
2022-04-07,-43.806968722744315,-17.479267525298592,-4.701483984505353,4.861082744151069
2022-04-08,-43.81955236640423,-15.899790746177715,-4.234172267620727,5.861332545068564
2022-04-09,-44.28601288225251,-15.932484209970768,-5.020299816404838,6.1113390139177275
2022-04-10,-42.413475572507906,-15.722070187688358,-5.337299726975565,5.6523928386619335
2022-04-11,-40.579736954942774,-16.12321672329732,-5.087610203290421,6.785793655048718
2022-04-12,-40.17546569086939,-16.475995905272057,-6.164818730080567,7.494836801148581
2022-04-13,-39.39711543019866,-15.253048858014235,-6.038078038943517,6.049082765423247
2022-04-14,-37.26881678522219,-17.930207074337513,-5.3474342253135845,7.220287881088195
2022-04-15,-37.77347036490322,-19.011572716316774,-5.200846307819848,5.747256629414835
2022-04-16,-38.72022805574444,-18.060715099267377,-4.613351197111813,4.890375938107582
2022-04-17,-38.595116501737955,-17.78193045131893,-3.650823081133829,4.166828956936984
2022-04-18,-40.5304383383979,-17.87754288296634,-4.408382915874499,2.2134091375416047
2022-04-19,-41.30251929192266,-17.010125826284867,-3.021408690901536,3.117098961737733
2022-04-20,-38.79139493191144,-18.507914205067515,-3.5804636372641383,3.568728675959424
2022-04-21,-39.077952150888265,-19.38885265956401,-3.1774182012488805,2.6927823552299612
2022-04-22,-38.76106451599905,-19.660867931145194,-3.637354525236704,1.6818411449217665
2022-04-23,-37.84006391819094,-19.65972265367398,-4.8361064051224645,0.4562568425756446
2022-04-24,-37.73753080854026,-19.67721912052323,-5.76874858339418,2.0775271082855156
2022-04-25,-35.436878045414915,-20.926463191365897,-5.3178617142436835,1.3369021570923645
2022-04-26,-35.24420931991763,-20.19164287513484,-5.561402919762319,1.2213549976085158
2022-04-27,-36.081307961690825,-22.495242796265785,-6.141096881878015,1.6700242931449945
2022-04-28,-34.79210274848449,-22.035331008697764,-5.239125374036316,2.8844995924478507
2022-04-29,-35.128491466919414,-23.042464123659755,-6.126775663369802,2.263713380771305
2022-04-30,-34.88705683489714,-22.382929828954154,-7.075189809931281,0.7463643131135815
2022-05-01,-35.22396765023515,-22.619616266879376,-5.675990392172522,0.7906027121443538
2022-05-02,-35.19017723427877,-21.197978615738936,-3.5873931221691304,1.9743424464064518
2022-05-03,-35.62305197407449,-20.945053314585248,-5.175530718888612,2.4560384795709416
2022-05-04,-33.28251208094993,-20.873685396423042,-4.925673211068463,2.3834940936853766
2022-05-05,-33.943363155194604,-21.600772299190346,-4.3285113993283995,1.8488571632331796
2022-05-06,-33.89443162752411,-22.947066251303312,-4.825309536206399,1.7982583969909334
2022-05-07,-33.71499706486634,-22.80092532279141,-2.847324055279361,1.3825948080425143
2022-05-08,-34.23287149737386,-22.93073155344155,-3.565217862224518,-0.2807803266175015
2022-05-09,-32.781108576644584,-22.79833741657405,-4.272493201033751,-2.2523502629607073
2022-05-10,-31.912356027187613,-23.010612011997733,-4.3375627481528065,-3.658865876037262
2022-05-11,-33.083345135689264,-22.171540739624472,-4.074211066898353,-3.731944448244549
2022-05-12,-30.803760740580465,-21.590809612859612,-4.3071114839452695,-4.076417440028264
2022-05-13,-30.252928300348476,-22.246659149230524,-5.031200807927,-4.88754760515215
2022-05-14,-28.66278623167826,-21.272981369431406,-7.585492450962713,-4.273912264394875
2022-05-15,-28.684914774891933,-21.309898664749497,-7.053968379953108,-4.738057144330333
2022-05-16,-28.042195015144745,-19.913173553394422,-6.884768549344946,-4.907948139384672
2022-05-17,-28.490218374574,-18.914775601897972,-3.824323143948204,-5.711620462061248
2022-05-18,-27.757209414080368,-17.28744429841034,-3.3433655795495616,-6.199555821709109
2022-05-19,-28.014311853062345,-17.794818182185086,-1.5833582746916106,-7.474934795266526
2022-05-20,-28.818107392452006,-18.8238969151309,-1.7150722801070986,-6.260450091827437
2022-05-21,-29.060976799040628,-17.62888731949164,-1.3808692243702319,-5.428590454536746
2022-05-22,-27.638711793594002,-17.822118334694267,-1.3366222736312323,-5.420581972217694
2022-05-23,-27.15523161012442,-18.61340464019025,-2.8939910533776088,-4.926081751279072
2022-05-24,-27.186502643427016,-16.360218550849655,-4.221286066482877,-5.697268845558176
2022-05-25,-27.0475729673405,-15.673481669682342,-4.045222355385344,-6.30839052027
2022-05-26,-27.846999350004776,-17.441860067199016,-3.2782561438070545,-8.521324130784468
2022-05-27,-27.272618336212457,-16.658812785506104,-2.7010207004999356,-8.743935089921111
2022-05-28,-27.082969940216437,-16.468632078173496,0.2785681093614514,-9.516378030035
2022-05-29,-28.199911436577974,-16.675703106069463,0.14492153318667425,-9.615255247506289
2022-05-30,-28.83858518120884,-17.35791234527877,-0.7112204583998677,-8.020537781973365
2022-05-31,-28.754047842573314,-19.437058865217168,0.574101826475948,-7.1334071442193805
2022-06-01,-29.051021901983308,-19.409563188398064,1.3810778112658026,-7.476227306853166
2022-06-02,-28.78031727400332,-18.601880924120955,2.1909684888653898,-5.756766736094107
2022-06-03,-28.489350894979474,-20.277692306682635,3.7963968116574205,-6.544778817513822
2022-06-04,-28.63518533837106,-21.299287064994886,3.510160147498616,-6.442810586405034
2022-06-05,-28.35847470983139,-20.546618224384186,3.123643257492759,-6.318617278746467
2022-06-06,-29.1670322714881,-21.708503457369943,4.0752841973803635,-6.336087868358991
2022-06-07,-28.689961555465388,-22.187185220457692,3.9339418560178503,-6.654960644821105
2022-06-08,-30.303003826897427,-23.09548826735044,2.124726346674281,-5.74638049380196
2022-06-09,-29.514526805345817,-25.236799081312046,2.3020461334812965,-5.58977257577407
2022-06-10,-30.028527189346672,-25.44359640841083,2.8571626788281357,-5.097326495480264
2022-06-11,-28.468791992760316,-24.97571026773225,2.211706577775015,-6.055695101176614
2022-06-12,-28.98686983471376,-24.944144098832897,4.92347775976763,-6.1937374207350855
2022-06-13,-28.4115512019215,-25.26146754674262,4.6589322145985115,-6.451953177920119
2022-06-14,-27.81453613848128,-24.60321479511923,4.462273173523216,-6.787399920294009
2022-06-15,-28.946862599657656,-25.096437818290273,3.052012264515828,-6.50013866134894
2022-06-16,-27.56868661660352,-25.913651461644353,4.442879218947348,-6.011866351878624
2022-06-17,-27.42483443132902,-25.432537214375188,4.081591913380192,-5.843354942548303
2022-06-18,-26.461347829921436,-28.41524006458584,3.392541266142998,-5.369411286033964
2022-06-19,-25.29882607393271,-28.85896526607241,3.530572385884563,-5.2239495021773115
2022-06-20,-25.094436302105716,-28.371736324049678,5.026221191491314,-3.9559437938330544
2022-06-21,-25.711816384781986,-28.713244209439654,3.982613825569091,-6.414909431930462
2022-06-22,-24.19312824878174,-29.815383646079752,4.00898876672743,-6.076211735290123
2022-06-23,-22.91872154424285,-30.34468593043438,4.331186274093358,-5.669167482527125
2022-06-24,-22.784006871375954,-30.23699762793027,4.1019252658800225,-4.978254716937258
2022-06-25,-24.340152834936024,-32.02919743922236,3.5340503615980525,-6.504207427359951
2022-06-26,-24.72231936052502,-31.869337333310963,2.3375144219509965,-6.228229890905305
2022-06-27,-25.352639973574497,-31.40565062138119,-0.7091932822466505,-5.292638900012724
2022-06-28,-26.219533378925384,-31.761169216614814,0.096455193349822,-5.841403619237843
2022-06-29,-26.515347274906784,-32.636144823425376,-0.18036528756803905,-7.711175262654663
2022-06-30,-25.77748378976866,-31.886968838840136,-1.5027766842908086,-8.888125645704843
2022-07-01,-24.860760225236877,-31.58921996163337,-0.8231109358898635,-8.723927334495585
2022-07-02,-22.769949933198287,-31.545790659543766,-2.598361517582031,-5.525781562030529
2022-07-03,-22.37851118895344,-31.40057668580868,-3.2944748410655396,-4.561312471076455
2022-07-04,-22.32882192439244,-32.35958232493757,-4.352132889194332,-4.671294186552235
2022-07-05,-24.193485128564028,-31.744469277953346,-2.9511087845465727,-4.289345840560476
2022-07-06,-25.165502480778922,-32.28836971630901,-1.0846992049116972,-4.418294492177543
2022-07-07,-26.183060310834595,-32.82275474114044,-0.35349016312248527,-3.7520527220946525
2022-07-08,-26.708179383876057,-33.651504841804595,0.8555472411365809,-2.409131111555417
2022-07-09,-25.904865589024244,-32.32868937646637,1.7161607964113361,-2.2694081158152057
2022-07-10,-25.79987732289358,-33.02446513200391,1.0525248018315292,-4.271779037357378
2022-07-11,-25.194475546591562,-32.75248697052705,1.2871989294589712,-3.360193962760263
2022-07-12,-25.831297595485225,-32.562848876681606,0.16545925385524063,-5.222965359551051
2022-07-13,-25.026267362654554,-32.148065305575905,1.730197413268708,-5.608793894173737
2022-07-14,-26.244998439858826,-32.966594944790195,1.3433712306479686,-4.819839132163431
2022-07-15,-25.67837039595144,-32.19004407755086,0.6884404629067484,-4.495166375115726
2022-07-16,-24.837524273728597,-32.26397859062411,-0.6057198277829827,-6.394343747780827
2022-07-17,-25.190960429223495,-33.85113820204545,-1.603044750004699,-7.086936985927288
2022-07-18,-27.98972188301095,-33.980619632349224,0.44094169150643614,-6.870379919422233
2022-07-19,-27.84634867592346,-34.01246580384389,-0.8010577695191876,-7.824517653055187
2022-07-20,-28.844387296553588,-33.749719939797245,-1.9444232536474235,-9.065028771393608
2022-07-21,-28.97564837154393,-32.30257030646396,-2.4143494657944795,-9.138969981595691
2022-07-22,-28.864458079969623,-31.10905153045,-1.5020533446962405,-9.53608311220258
2022-07-23,-29.705675441253238,-31.007370665874227,-2.561814400127652,-9.978696692211294
2022-07-24,-29.99438901988212,-31.599911838643536,-2.090390758555489,-10.541116382581835
2022-07-25,-31.25521248077468,-33.51980506583239,-2.1503431120518326,-10.187194234013349
2022-07-26,-31.267019996847587,-37.22882326151976,-2.6084536781785554,-10.163704412031715
2022-07-27,-31.97427737192229,-38.28260568917601,-1.6433930589881518,-7.441287264619726
2022-07-28,-32.49460340891711,-38.43703224936459,-1.668191775304916,-7.594237545629586
2022-07-29,-33.009897898654984,-36.15477002629612,-1.4953283018909,-7.238511234563408
2022-07-30,-30.796399895971938,-35.70936404952967,-2.5911359973719166,-7.674128472629835
2022-07-31,-30.81420220800341,-35.10640270403434,-3.2409648606715256,-6.0586136584363945
2022-08-01,-31.81359692445492,-34.400158187693684,-2.035632619184172,-5.845853924461046
2022-08-02,-31.52705009604236,-32.99570372572757,-2.950241799003739,-5.899493704648519
2022-08-03,-32.24181327455842,-33.2796671131284,-2.349337817968568,-5.172680667779737
2022-08-04,-33.29598913816913,-33.95665477259105,-1.6970411602109172,-5.000397382782023
2022-08-05,-32.531890205529336,-34.381042021678965,-0.49627866927743103,-4.385328403544767
2022-08-06,-32.7599862164794,-35.32884093833383,0.5198789319318111,-4.010474088312441
2022-08-07,-34.23085762808587,-35.33731435391951,1.6122274338574818,-2.1627303403988156
2022-08-08,-34.78347046786033,-33.819019610732006,3.2913623086514905,-2.2205068575310754
2022-08-09,-35.33611115419196,-34.28715684748641,4.930319262295303,-3.300683901683342
2022-08-10,-33.617026638354595,-34.36964783371796,5.883991098756515,-2.4509248652263533
2022-08-11,-33.51479589205627,-33.742924778367154,5.322229276575225,-2.674908820368255
2022-08-12,-34.53203766388559,-34.72125235619828,5.79613091347254,-2.532646349738827
2022-08-13,-34.608962797107985,-34.648721824455095,4.722828117361196,-2.2874064542062644
2022-08-14,-33.680876995978494,-35.73672554691032,3.0353919531942437,-3.3904312900243543
2022-08-15,-33.33086093421281,-37.070108629246754,4.186040732913449,-4.046948529702056
2022-08-16,-33.49268704044541,-36.717998830425216,4.3387525600576495,-4.714599384275067
2022-08-17,-33.89332656051761,-35.13933307545021,3.7479607917581728,-5.603387056910443
2022-08-18,-34.205897747800265,-35.44716149042514,4.112104896833853,-6.034035428343763
2022-08-19,-34.04119178514511,-36.067801835670416,4.632061036072399,-6.691643438500064
2022-08-20,-35.33555994206155,-34.8218682568908,2.7604961241510475,-7.936192145943444
2022-08-21,-36.81430504680122,-35.30060664771624,2.2574294479619192,-8.321970111225047
2022-08-22,-37.9208633777382,-34.93269078912945,1.5293229626282883,-6.6895646807843026
2022-08-23,-37.686528595000006,-34.05184648038435,2.2870702955560676,-7.733272162592598
2022-08-24,-37.76098307456725,-34.462581482058305,2.1047581002792435,-6.94521091478006
2022-08-25,-38.309815995607686,-33.7205171899252,1.414554513959491,-8.90164573960969
2022-08-26,-38.601950033739726,-32.424825655117736,0.735273924153701,-10.443181322672169
2022-08-27,-39.203959825158144,-33.64332443886247,0.8010213158743087,-8.596432305513243
2022-08-28,-41.125981553770075,-33.13104550311549,0.5792416735745856,-8.91629870311218
2022-08-29,-41.508394835995404,-32.64146334181969,-0.08627084688924314,-7.626636883243151
2022-08-30,-40.89623840459569,-32.37019935917992,-0.45209040570245296,-9.679397918014882
2022-08-31,-40.68081010925677,-31.759982041064838,-0.35525215101787466,-9.210684445038442
2022-09-01,-41.132893686880024,-31.652068927765608,-0.10131912124179165,-10.805053059002304
2022-09-02,-41.26385344835389,-33.0609085416902,1.1555690526899232,-11.29423356389753
2022-09-03,-40.06907001749239,-32.74975617395123,-0.3610095368380244,-11.902805436770194
2022-09-04,-39.913889287801126,-32.26479752173734,0.7578931151420283,-13.298443449122454
2022-09-05,-39.546960154256574,-30.983987894755323,-1.3730240058007739,-12.900850803992292
2022-09-06,-39.69265727709856,-30.77922770673491,-0.8712678719719141,-13.503015773120373
2022-09-07,-40.01527549911065,-32.984896883455484,-3.159321681707953,-13.31003407749694
2022-09-08,-38.56271521894303,-31.482693585532765,-3.2278591250613426,-13.550873686847575
2022-09-09,-37.44299518608968,-30.332629250213266,-4.164350673389925,-14.089535421972794
2022-09-10,-36.83038040538548,-31.430615336591874,-4.402083068076238,-12.443350695354388
2022-09-11,-37.02385979809333,-31.07844087080768,-3.274043539197076,-12.59983521615457
2022-09-12,-36.44734966521529,-32.54220012508108,-3.7142542717321914,-13.536556512051298
2022-09-13,-35.57580399146525,-35.114584542947114,-3.626416221367709,-13.138715886278064
2022-09-14,-36.13167623974809,-36.48068419011188,-3.492526292303754,-12.537676776005464
2022-09-15,-37.654527560115355,-37.24920470646277,-2.7514006470271797,-13.32561657866965
2022-09-16,-38.157915032002585,-36.03388266131412,-3.054565089826556,-14.337905353132548
2022-09-17,-37.97190171380441,-36.27668764982552,-2.4290937124146774,-15.091971378927944
2022-09-18,-39.95007893429151,-35.224206716222525,-2.079372312116501,-15.840536758177581
2022-09-19,-40.386148206477316,-34.78166514639623,-0.7767150660713114,-18.200503883679204
2022-09-20,-38.641203456540744,-34.77791501128457,-1.4767535269066667,-16.733071321452794
2022-09-21,-38.688721886025036,-34.71634390769619,-0.20212573519969212,-15.948508031674299
2022-09-22,-39.35167651301855,-34.43157938050208,-1.0040147608500487,-16.783504083551172
2022-09-23,-38.88275537645913,-33.75966849345093,-2.720509331946019,-17.256609788787838
2022-09-24,-38.26010635642728,-33.47728526837915,-1.8593918801058957,-17.288486228698186
2022-09-25,-39.364520029288855,-31.713272180018308,-0.5972008099853452,-16.434950559604843
2022-09-26,-40.469861859140224,-31.12092391837156,-1.7880476799463931,-17.159736627661488
2022-09-27,-39.53579211808109,-31.3196351341097,-1.596476055076307,-16.519684663202973
2022-09-28,-40.409688812764585,-31.38341705298977,1.4500929358213472,-17.477597305596877
2022-09-29,-40.469838375639625,-31.518080028314863,2.3322494254098465,-17.817272384897777
2022-09-30,-40.49981593564878,-31.17433986883472,2.5804530229803357,-17.719235520918705
2022-10-01,-41.50892281662441,-30.6878960894568,1.9289033990870965,-18.772532118505353
2022-10-02,-41.69491857641267,-29.461229222817202,2.686371093320513,-18.885808064837537
2022-10-03,-42.30496138866093,-29.85471736653889,2.4432710410155547,-18.64587932609085
2022-10-04,-40.95704811814915,-27.651488602102848,2.612092147260821,-19.163123016041737
2022-10-05,-41.26178361367827,-27.47057140087192,2.16249765120595,-19.97091079555163
2022-10-06,-39.989103962909134,-26.148120578883795,1.736120395376159,-20.43401403991288
2022-10-07,-39.51611595636741,-25.151832345333872,1.730484033600889,-20.15835555115797
2022-10-08,-41.18188704218835,-26.618720368383006,2.1272593526772625,-19.724877665355134
2022-10-09,-39.47029342143988,-27.572030531646607,3.1694630844901797,-18.494506534620538
2022-10-10,-39.83567617687048,-27.78932103665142,1.6270960908735925,-18.209323583396326
2022-10-11,-40.90645881076507,-28.92579052420034,2.0133944211424417,-20.697720425219504
2022-10-12,-41.45113777539685,-28.07458165016416,0.35748219755982014,-20.628818835405973
2022-10-13,-40.01658678535701,-27.410005399243065,2.300418390524435,-20.70519821426195
2022-10-14,-41.759638230158814,-28.223580229449215,1.9996478862980367,-20.21153582070164
2022-10-15,-43.00146407116167,-27.21505015498584,-0.21770698229563923,-21.57029754353798
2022-10-16,-43.59039996351654,-26.533637768967356,0.647973665183162,-21.434103576401228
2022-10-17,-45.227458505489324,-28.03486429946159,-0.5764833908653488,-21.91655962046786
2022-10-18,-44.97834663326658,-28.607149206517235,-0.00014101915112740837,-20.126730458357162
2022-10-19,-46.366906805435995,-29.612450964448563,0.7815019669488857,-19.222495477798745
2022-10-20,-46.83252885476776,-30.623210924713497,-0.08737664823933289,-19.66928887752216
2022-10-21,-46.56866559214935,-29.570589760987815,-1.3210401092935609,-20.570365944892465
2022-10-22,-45.697336686676415,-28.677319768308543,-1.1737325954476971,-19.425190266712754
2022-10-23,-45.27837753605644,-28.831735032077685,0.010364790544256097,-18.830874048257773
2022-10-24,-46.684265603917844,-26.937339031325838,-1.2565356250851185,-18.58909463435865
2022-10-25,-48.446877975895916,-28.037329942900225,0.570656461760205,-17.209510363366277
2022-10-26,-48.90383146620417,-27.907170835027802,-0.1941046561872548,-16.16541167818389
2022-10-27,-48.72547867537888,-26.798882739040106,0.5311964056782793,-14.886027723873358
2022-10-28,-49.64266121475175,-26.190092046135117,1.685571038877554,-15.725118314052839
2022-10-29,-51.04918439279626,-25.512900413554473,0.6837128899185982,-16.953106417074096
2022-10-30,-49.630042885828985,-26.801997604786106,2.8431988885364894,-16.402836009571683
2022-10-31,-48.04954947191809,-24.95764124925055,1.46540557373833,-15.931835174116152
2022-11-01,-48.002053527513525,-26.180002796446523,2.185688895764901,-15.033742033055566
2022-11-02,-48.37610578862363,-27.64710923531895,1.1839747219883792,-15.058876693371532
2022-11-03,-48.814796116183665,-28.97651959908042,3.4210840740541526,-16.1173948456547
2022-11-04,-48.84410612156249,-27.676675225173504,2.168189359907715,-16.2083338914857
2022-11-05,-49.6580840742918,-26.626321874260718,3.418236285150491,-16.3419022848643
2022-11-06,-49.43910510388389,-26.85869777120466,4.440847941198941,-14.982261915941713
2022-11-07,-50.34559423627099,-26.258183801275674,5.881442294597656,-14.795154942072976
2022-11-08,-49.1439160894972,-26.575513654572642,5.595281853811624,-13.973505611798494
2022-11-09,-47.97089400931792,-26.622594330914136,6.559138817201595,-12.66652784809784
2022-11-10,-46.94226377336147,-25.51090696900357,6.80320250909081,-13.846245031220853
2022-11-11,-46.2157508699077,-24.13979426014219,6.789930369645432,-14.784836346185472
2022-11-12,-45.11108131288481,-24.995104567075963,6.207885971897956,-15.215215902872185
2022-11-13,-45.9184133615473,-24.787375418726405,7.055340411871243,-15.444752402162168
2022-11-14,-45.531401089113714,-24.909749525061596,7.424688423727951,-15.0654436326497
2022-11-15,-45.77136590132071,-24.216744005116823,7.811286660825819,-15.138308180229537
2022-11-16,-45.82241645008625,-24.671116196542364,8.781151032688706,-15.77754393811365
2022-11-17,-46.0660679117193,-27.207494318748182,9.73253983773802,-14.439437737330092
2022-11-18,-44.548347721740896,-27.533076946225258,8.39747068496268,-15.529462041331131
2022-11-19,-41.9547419009314,-26.583230703341858,7.706272957821817,-16.101668229371633
2022-11-20,-41.93183123468687,-27.580718320267952,7.425984319705277,-16.090282937055097
2022-11-21,-41.1840699558709,-27.60600766297238,8.748086108066655,-14.437827407660201
2022-11-22,-42.02249661963601,-25.498764418719272,7.337386409292568,-14.208465616823986
2022-11-23,-43.921580727957775,-27.180809867102827,7.677713058324179,-12.98984011658249
2022-11-24,-45.2012810238022,-27.327441490008976,8.573804365077937,-12.937342542130187
2022-11-25,-45.71160945589411,-26.76679923593773,8.240474167980972,-12.113576404299131
2022-11-26,-44.920318669617416,-26.90201311149245,9.004171468197729,-12.055972096472606
2022-11-27,-44.39855335785132,-27.15520603796138,10.38759820309082,-11.19261424098304
2022-11-28,-44.14879739262914,-26.1502756399894,10.182243380083696,-11.562039897447765
2022-11-29,-46.35107090838065,-25.44400934625745,11.265672498251574,-10.287342371068794
2022-11-30,-45.50917022412306,-25.091827411500418,11.772189962006786,-8.201819288081959
2022-12-01,-44.455388432289354,-23.103433164763914,12.43028887889228,-7.910897802535319
2022-12-02,-43.85565769453832,-23.10812153888672,11.797783371027894,-6.871094371715527
2022-12-03,-43.51802951622302,-21.875767247111234,8.640346125282488,-6.361627878352179
2022-12-04,-43.37482055474255,-22.212080284223173,8.572179654030808,-6.819801441838352
2022-12-05,-42.65468345031176,-22.03017182074932,9.827645017384643,-8.151393011891383
2022-12-06,-42.922258103789694,-21.74875060944447,10.417642464828116,-7.877228698452751
2022-12-07,-42.64640926956297,-22.49602713086011,12.114588972836714,-9.190803636066121
2022-12-08,-41.58936882203709,-21.129226617236966,11.94437550212703,-8.405294034913418
2022-12-09,-41.105598819206335,-20.989375464271205,11.363208962215644,-8.553122000604768
2022-12-10,-40.91671726021958,-21.471633472895608,10.046395051363376,-8.052713463527196
2022-12-11,-41.81807143780966,-21.092267131430983,10.05918321033232,-8.000030260935603
2022-12-12,-41.392884119867254,-23.282237596505464,11.273072554574386,-6.255507379360818
2022-12-13,-41.71415817021596,-24.491335636529428,10.209730618689587,-6.719889871267823
2022-12-14,-42.7727606867836,-23.451741301340707,11.05617072946567,-5.876372662074204
2022-12-15,-41.60030760766061,-23.977142515635816,11.098199900117224,-6.337343599512343
2022-12-16,-40.888680340400306,-24.54033662505632,10.466800991481765,-6.385739201495349
2022-12-17,-39.45635041624764,-24.340827911202247,10.693963964238733,-6.415674745501826
2022-12-18,-39.02945382520419,-24.703084045497672,11.195312828956293,-6.877722816446889
2022-12-19,-40.101142161700864,-24.406855679738836,12.33278407275309,-5.740507922966145
2022-12-20,-39.25347735498571,-24.55601757798208,11.09221147681658,-6.959558038288661
2022-12-21,-41.234579226584714,-24.104646224599737,11.315788592098352,-6.310042848860413
2022-12-22,-40.52486243412931,-26.023008644373213,11.866768568778634,-6.559459447785104
2022-12-23,-40.44051319592801,-25.82678103101903,12.060854017542086,-9.078716609173139
2022-12-24,-41.70076455549433,-26.359020542279357,11.585248876760373,-9.731619326346163
2022-12-25,-41.58617324415914,-27.07514689104031,12.817680596502184,-7.651450373053017
2022-12-26,-40.73736949796745,-26.284764454567732,13.16663829463752,-8.173629762662777
2022-12-27,-39.34712474692812,-25.657533305795667,14.61424469602289,-6.669930331667965
2022-12-28,-39.15813682517107,-26.165173412609654,14.989324737959153,-7.214792618474
2022-12-29,-39.61157506524115,-26.69721292296959,15.439533822794152,-5.8347545434659
2022-12-30,-40.38069653636062,-28.078827466044487,15.423917198882082,-6.225972223852517
2022-12-31,-40.545068865073816,-28.73953284397372,14.264890718877737,-6.735994521162047
2023-01-01,-40.353947962020946,-30.296394365406616,14.70775462093636,-7.662241830295124
2023-01-02,-40.57789581118979,-30.197704077711922,13.567964137982349,-8.26528182570893
2023-01-03,-41.037359118079266,-30.14861505847603,13.442256234172886,-8.341038208467081
2023-01-04,-41.080573973677325,-30.974115539230315,12.64534038669983,-8.691588874851243
2023-01-05,-40.67523699721358,-31.76140433896937,11.853443041001793,-9.922743378772415
2023-01-06,-40.043063351008264,-32.08171457667729,12.659589668574183,-8.254516271998142
2023-01-07,-40.57028127504108,-32.83818487111906,15.167824423472798,-7.544846721381958
2023-01-08,-40.153009557052755,-32.888821476387456,15.623654782326062,-7.024091763188359
2023-01-09,-40.09462714534808,-33.1365956624955,15.024435138844606,-7.463191975625171
2023-01-10,-40.47542281218996,-31.009145501945927,16.212255721104466,-9.271142121958261
2023-01-11,-41.3964561379046,-31.110763789615092,16.550069076495873,-8.137487952971245
2023-01-12,-40.668151493092346,-31.837185059562252,16.8863498878547,-8.096132567086963
2023-01-13,-42.93966202870323,-33.410824491577195,15.916660189967777,-8.484516073462874
2023-01-14,-43.17090376462959,-34.02319012673764,15.19860895231677,-7.716088347299722
2023-01-15,-43.041502878529705,-32.678590264134655,15.445437726061337,-8.402606564643644
2023-01-16,-42.62571284929399,-33.49892722062135,14.802170200145571,-8.223721215057667
2023-01-17,-42.78217053996717,-31.89228808572192,14.85036955922681,-8.803357879074056
2023-01-18,-43.496732778328386,-33.51024951268195,15.4288128867693,-8.38650087748661
2023-01-19,-43.34433553990731,-33.78240684056202,15.18955162267092,-7.818392861286593
2023-01-20,-42.093961083608825,-32.47528954572667,14.403419175901625,-6.929467155498358
2023-01-21,-39.09778982718075,-32.27633151621963,14.627655613304958,-8.922337242283021
2023-01-22,-40.6364931470809,-33.03794530002536,15.802293434297656,-9.069341008238318
2023-01-23,-39.61757133456738,-32.88812243251325,16.616925997449332,-9.448945604670202
2023-01-24,-38.925265001090395,-31.713817279356913,17.439083282264868,-9.894153284636719
2023-01-25,-39.64300651925378,-31.128099947865763,16.490194978788654,-10.33781809378156
2023-01-26,-40.53709797707399,-31.709913616639827,17.396122005723615,-8.773974364555661
2023-01-27,-42.82586445885014,-29.277125931270962,16.421184792006514,-8.547910215748876
2023-01-28,-43.6640380449055,-29.322689477823214,16.13690583318359,-9.024368150179155
2023-01-29,-44.220770943471294,-29.803793728568216,17.454660745100714,-8.706023555759089
2023-01-30,-42.69932876943329,-29.346379045569652,16.648658873326745,-7.925244240978976
2023-01-31,-42.53400889650978,-29.317321123196336,17.816675968680574,-7.79999837995148
2023-02-01,-42.03223282167492,-29.787507286008278,18.622405132685376,-8.502359890825145
2023-02-02,-41.71583736689609,-29.569164894987125,19.508974225378278,-10.045826357025813
2023-02-03,-40.740236037299816,-29.592028018466127,18.66004357092938,-9.618799887157959
2023-02-04,-40.846049626638816,-29.119720634255142,18.8708732049661,-9.527712395324698
2023-02-05,-42.04511453929972,-30.01166026037227,19.567317842272743,-9.953987841568923
2023-02-06,-41.021436257469766,-30.159272232597367,18.907730265899115,-10.158064162567658
2023-02-07,-41.97615006909501,-29.766946413694946,18.10362489775481,-9.275982454551094
2023-02-08,-44.35968976940281,-30.788067640245323,19.095332572180507,-10.710960047539858
2023-02-09,-45.75097761716597,-29.71169852950537,18.525460464877327,-11.482863994670064
2023-02-10,-47.458301354759904,-30.49757960869396,18.62085062735637,-10.328607205096187
2023-02-11,-46.83851555406373,-29.875909693131202,18.98968888750655,-9.79398393691902
2023-02-12,-47.218363217786106,-31.41213071614858,19.396940268105794,-9.356435354816677
2023-02-13,-45.56021757411293,-30.73636054281657,18.30207588646219,-9.973249816969968
2023-02-14,-45.01836518875082,-29.882552696387684,19.005274981113924,-8.334194644420728
2023-02-15,-46.04337737023163,-30.827777400453698,17.53603930064058,-5.479016450378113
2023-02-16,-46.26335812388342,-29.649272631732835,17.677314384810497,-5.321631743892635
2023-02-17,-47.35473139902463,-29.320511271929764,17.712599824767725,-7.18015058692666
2023-02-18,-46.714167833751716,-28.015901129699657,18.18210963114553,-5.384069821342371
2023-02-19,-45.50252141444626,-27.655060552217115,18.73824911508561,-4.8168482749651655
2023-02-20,-46.437770297304496,-27.14083828993467,17.568958471949404,-5.359468783119801
2023-02-21,-46.56310732122386,-28.698964340739003,17.35961370784834,-5.682789476832463
2023-02-22,-48.15965130779527,-28.198344602975034,17.760005948482352,-7.057618846580089
2023-02-23,-48.65474603289628,-27.50634302316292,17.441838911343854,-6.808351338984617
2023-02-24,-47.90032531406056,-27.814569631542575,17.512405137507663,-5.456104507236313
2023-02-25,-46.650702374712694,-27.26687084142541,16.48672556072081,-4.314468855722664
2023-02-26,-47.93027236582255,-26.534128086017947,16.502786469182094,-6.283434744613724
2023-02-27,-49.58248218201641,-27.803899281317953,16.889137546446758,-5.806307217619902
2023-02-28,-48.20711297782435,-27.333480641671624,17.035358816818846,-6.436506819020846
2023-03-01,-48.16239113602514,-28.212317095434244,16.452977721173337,-5.8621491197084765
2023-03-02,-48.87735519830498,-26.612176453943675,18.022205404144305,-5.325943270069614
2023-03-03,-49.313104628532585,-25.462433926170448,17.93589315906925,-3.0995125411174134
2023-03-04,-47.8964226459055,-25.502094858150002,17.938647808112307,-5.035282107080207
2023-03-05,-48.45558339142905,-25.26737460587138,18.981543521537812,-5.547755720063927
2023-03-06,-49.92428548882882,-25.45189450659653,19.037434230290966,-7.12427313572022
2023-03-07,-49.4138315550084,-24.235020719415875,19.67365753405235,-7.636659565863233
2023-03-08,-49.90532832162601,-24.13436840136195,18.95272133785468,-7.164518794048191
2023-03-09,-49.036377944004016,-25.63923451979983,17.073178451576933,-7.5616693065382465
2023-03-10,-48.230735878107076,-25.853533593348303,17.66762808432048,-7.732968226269258
2023-03-11,-48.4370833130621,-27.202664776854363,14.795883215249031,-7.624795990897255
2023-03-12,-50.768633931494506,-25.837217401773287,13.905727619073987,-7.256502338918643
2023-03-13,-50.90606638249314,-23.94603034439761,15.089015028954032,-6.361509138676826
2023-03-14,-50.95050263622346,-23.144858798907112,12.427645624771118,-6.696934257350925
2023-03-15,-50.8393660987041,-22.58006558048218,12.280726032861365,-7.0709361738055465
2023-03-16,-51.060271177361294,-22.197053973468513,13.274458955320588,-7.526814211636802
2023-03-17,-51.84736195752914,-22.60811768861957,12.731776315785751,-8.991612081951144
2023-03-18,-50.78408486044763,-23.50995866090968,11.866686800608385,-7.37781973551908
2023-03-19,-49.98023337620529,-23.92338925847571,11.28903087410872,-5.490947159619602
2023-03-20,-49.50102656765081,-23.211002590633914,12.024642069613904,-6.7178811126426625
2023-03-21,-48.36866754082641,-22.785342907901047,12.681038031272523,-5.943343597463547
2023-03-22,-50.95493264596417,-23.634722643381394,13.752383992900047,-6.511682841390671
2023-03-23,-49.99429183839369,-23.08296324066481,14.833777510698361,-4.947254018122543
2023-03-24,-49.79878470726855,-21.931223235590746,14.698167853052398,-5.234730062447361
2023-03-25,-51.177706155525925,-21.243930376745467,15.655398941512809,-5.916427124738774
2023-03-26,-51.208420283962774,-21.41565820138353,15.690085625658364,-4.925612364603592
2023-03-27,-50.21009314256798,-23.06797391103346,16.355438547747227,-4.929242769597243
2023-03-28,-49.32821218258155,-24.048599621236477,15.721569012198746,-5.909501414490331
2023-03-29,-49.682054209826035,-23.031000626057047,18.307665010000118,-4.689326983898775
2023-03-30,-51.19497782832836,-22.558871037210817,17.31672915702091,-3.5426458326921826
2023-03-31,-50.611446829755955,-21.52542113782018,17.42756575278158,-3.9878133220296004
2023-04-01,-50.35258860366382,-20.709073794727605,16.58845592215093,-3.8978869360458677
2023-04-02,-51.26757451676641,-20.95008259281572,15.980750169930515,-4.002688152492492
2023-04-03,-50.29264194461107,-20.712593056499383,17.193520134118458,-3.4177331157601265
2023-04-04,-50.22607481011133,-19.52871339355384,19.35258093779276,-3.470053484425277
2023-04-05,-49.04336003874321,-20.149740311115814,18.87383249785952,-2.4805226644004565
2023-04-06,-51.04690175873171,-20.82617220232834,19.705208613466148,-3.0103932418961006
2023-04-07,-50.77464788594645,-19.869853193227236,19.303338045063782,-1.462633313185665
2023-04-08,-50.78186256176844,-19.76506117231731,21.865588889953287,-2.907961630148693
2023-04-09,-50.858899065901674,-20.169645258067508,21.834843639126923,-4.129217630940674
2023-04-10,-49.55775603828333,-20.533576505062992,23.43903675386987,-5.0097550135904845
2023-04-11,-49.55447625143711,-21.29133716626828,21.964839453634085,-4.129203927146576
2023-04-12,-48.57442641326156,-22.089500798377802,20.783837655301134,-3.116487383715488
2023-04-13,-49.19502757250815,-22.572010940564006,20.868864758977136,-3.97275231901887
2023-04-14,-49.410599376489664,-23.624368638218506,21.439642644565538,-5.295167609236729
2023-04-15,-48.77626358971692,-21.570375450612076,22.392971915328793,-4.265616476021687
2023-04-16,-49.44797921160557,-21.85939607971941,25.44465969576175,-3.4203978929071237
2023-04-17,-49.55440957991119,-20.549652867453304,23.706895261253905,-3.7037718931275916
2023-04-18,-48.61519567613213,-19.650917303656417,22.475621431669307,-3.314367098604193
2023-04-19,-48.038874162064,-19.596659939277888,22.98479674863427,-5.770387884474694
2023-04-20,-49.19038747998226,-18.899690084810757,22.845019763510862,-6.75031898190314
2023-04-21,-48.06647436468354,-21.477768031037108,23.130322314300347,-7.465114806634166
2023-04-22,-48.8877464832811,-21.293745997905766,22.09817987209455,-6.264239129892865
2023-04-23,-47.86711415617573,-21.496164497519317,21.68795733750378,-5.8650482741551535
2023-04-24,-48.10807075258455,-21.8097451092595,22.555909946198224,-5.126036573336935
2023-04-25,-48.72659658909108,-21.895380533244374,22.911290421171625,-7.364995213669625
2023-04-26,-46.6842546070753,-22.465148243513415,21.412985012405535,-6.7885657414682266
2023-04-27,-45.81098905231637,-22.77706038296209,20.064813186794343,-7.583931358705141
2023-04-28,-47.08459897364714,-22.433560257748923,22.425946845277505,-8.200294443934993
2023-04-29,-46.25093227382001,-22.737190054603207,21.74890250499555,-8.659522626851341
2023-04-30,-46.491874033525676,-23.02027131085528,20.49469024179424,-8.431371733822454
2023-05-01,-47.01525558259931,-25.293424084656145,19.490588191754092,-6.52465935336038
2023-05-02,-45.372073154513615,-24.3228621419866,18.855907712133053,-6.713737759125303
2023-05-03,-45.73120474211476,-24.158007090301147,19.53372823414741,-5.415999018389202
2023-05-04,-48.120845751107844,-22.486063173826732,19.801399045334108,-5.391974306541597
2023-05-05,-47.53667512871821,-22.60597743581923,21.050613702887183,-4.699330171886907
2023-05-06,-46.40007000687114,-23.746837668749162,21.982241941022107,-3.9914139511067153
2023-05-07,-46.970286326826034,-26.207051332724983,22.012661680740724,-2.899471579134234
2023-05-08,-46.813885016441624,-27.622544297286016,24.07231734567098,-1.7041228818531635
2023-05-09,-46.237647925082506,-28.539354818181984,22.56563908412446,-1.0894780801119248
2023-05-10,-45.164590833480226,-29.04781330310913,21.032148614350547,-2.6822301858300044
2023-05-11,-45.97929454995575,-30.533016135232568,18.34338065728248,-3.4670645169463823
2023-05-12,-46.13515093074446,-30.375154580147626,18.174841204138918,-4.723277858196322
2023-05-13,-44.43625273949206,-28.15465506720562,18.045528889630646,-5.570780404456731
2023-05-14,-41.48416627186775,-27.9416074260925,15.950454861224594,-6.354595239891008
2023-05-15,-41.530161514671136,-25.361217926890934,17.276840337250174,-6.521952899255219
2023-05-16,-39.99323785421596,-25.79264299319738,18.904311212732726,-7.840411729383624
2023-05-17,-41.58938658642143,-25.51857954942036,20.297769812370674,-10.071134124851433
2023-05-18,-41.303461593186476,-25.329575124681387,20.27166621156659,-11.600918018273326
2023-05-19,-41.60590788049277,-25.623654239740294,21.37325632867828,-11.02734502584728
2023-05-20,-43.01527421824586,-25.59521151459614,20.70242093086673,-11.622330511847178
2023-05-21,-41.617579086443904,-27.397994934313317,20.01355385797724,-13.49054807230118
2023-05-22,-42.31040665467489,-26.9279100434014,20.782636224758438,-14.568175053658901
2023-05-23,-41.84102088487517,-26.026991780123247,20.617841892173935,-15.25028064021042
2023-05-24,-40.805059171257646,-25.214574460598726,21.214830640731776,-16.340555168957252
2023-05-25,-40.98330839215578,-26.60818087941618,21.622845274728988,-16.5123223058974
2023-05-26,-41.49174157398863,-25.559594169649337,20.859859628656878,-15.975171188919251
2023-05-27,-42.04474076976924,-26.436148666906348,19.430620783167516,-15.464970008785876
2023-05-28,-41.01426171511818,-26.498405448412935,20.77022242401935,-16.299225966350633
2023-05-29,-40.561254065035925,-27.62428355508523,21.058613417790493,-16.867717161743226
2023-05-30,-41.07187830301263,-27.138478432866243,22.070306326402463,-16.817695052456358
2023-05-31,-41.175711380810014,-27.233965371774353,21.614041852686267,-17.369047473121295
2023-06-01,-42.65036186417829,-28.584798372427628,20.54790773308415,-17.60093622673921
2023-06-02,-42.06974812831074,-29.04757346781893,21.01824257910305,-17.619033388123924
2023-06-03,-40.6644569233593,-29.236632020347354,22.815604364304992,-19.449537733852228
2023-06-04,-41.24577594982586,-27.012526721129884,23.378768507450896,-19.58488447065742
2023-06-05,-40.10513589327725,-26.850864930824315,23.44309693820123,-19.347273848938784
2023-06-06,-39.121793524759326,-25.61372961106686,24.449927370557965,-19.134569535010357
2023-06-07,-38.75477008137231,-25.020874146434394,25.01222046757583,-18.652500967667848
2023-06-08,-37.35852708948983,-24.42643965374486,25.833566523041846,-17.071530827738766
2023-06-09,-36.03500880509868,-24.986577803698296,25.300930652368546,-17.615739289342677
2023-06-10,-35.58959752740903,-24.050935722994794,24.00634780818922,-17.44685029076992
2023-06-11,-35.76861670703185,-24.00810955781508,23.279514184911804,-17.543512244979617
2023-06-12,-37.30161828223656,-23.937893397548546,25.935488660963706,-16.412009911226807
2023-06-13,-36.95091980738087,-23.361784909277738,27.20227022900981,-16.870817377332322
2023-06-14,-36.20698225781542,-23.222587676905942,26.041985091848606,-16.844861039969775
2023-06-15,-36.165838070249364,-22.577117805434067,26.0432465667527,-16.978584234227874
2023-06-16,-36.55674827468996,-22.942469760421115,26.778181584345326,-17.7621672329418
2023-06-17,-34.985451941923415,-20.5636948506417,27.027099908202064,-16.867621944470354
2023-06-18,-34.29281925333193,-19.85845442499167,27.333191290335087,-17.489757070077648
2023-06-19,-33.78523886482749,-22.717463160404435,27.403627005567582,-16.96665697429155
2023-06-20,-31.92045428920503,-22.363115908996914,25.81561614839843,-16.757092519758682
2023-06-21,-31.166103360082115,-20.96998488381529,24.291982233996848,-16.035865576816065
2023-06-22,-30.768578166754367,-19.917374774317103,24.26788099279889,-14.739407967432259
2023-06-23,-29.55921287793531,-17.506069938249418,24.34533637477022,-15.60364440012599
2023-06-24,-28.97654493473064,-19.3246229460056,24.441915147933408,-16.908253030036132
2023-06-25,-29.16179781115446,-19.081934330962465,22.78248501354497,-17.609331371448345
2023-06-26,-29.143201189706016,-18.514013119418948,22.647363015066958,-18.39686660542607
2023-06-27,-28.635639742158453,-20.941940994173738,22.82070089914157,-19.34160889704185
2023-06-28,-27.209739464552648,-19.758136258825104,22.601655670505416,-19.414363418969824
2023-06-29,-27.070314287929534,-20.549958623038037,21.84154591905072,-18.82620962344523
2023-06-30,-27.225796289607263,-20.88157689764913,23.19653150152442,-18.202826081565803
2023-07-01,-25.286084360245468,-21.67211797046887,22.62772026763756,-18.80342662718187
2023-07-02,-24.62474200980854,-22.218292035682047,23.022006375907182,-18.548381126564674
2023-07-03,-23.979289184766568,-22.859159732578497,21.817307830690886,-20.207914922219167
2023-07-04,-23.944419203576263,-22.74364517793858,20.97485473755476,-18.87945731779425
2023-07-05,-24.75644806932828,-23.141200341265954,21.04045097522852,-17.670585178881577
2023-07-06,-23.592837953165677,-22.89477044018859,20.62017724950106,-15.429564601677768
2023-07-07,-25.549963434170795,-22.967893593605698,20.0024950408873,-15.78584916175855
2023-07-08,-24.137930030950535,-22.9388204404815,18.020888353683183,-15.098293465933143
2023-07-09,-24.636684868839808,-23.2777835847638,18.740543704917595,-15.217655472011614
2023-07-10,-25.245525393182955,-23.626541154528205,18.35152261935084,-13.407142982110972
2023-07-11,-24.814057129368948,-22.777765222550837,18.127970988238683,-15.289956614717159
2023-07-12,-26.093745617313846,-22.4896005007333,18.82120114130447,-14.148780874531756
2023-07-13,-26.774618331712734,-23.151530998450927,17.680154222447676,-14.3642469691193
2023-07-14,-26.03314065549777,-23.974408909346863,18.514276826792443,-15.35708437787102
2023-07-15,-24.919943824060837,-22.750089278869837,18.915515103301722,-14.378525886148868
2023-07-16,-25.9168610308151,-22.952325766377257,18.208477288296777,-16.27127550682875
2023-07-17,-27.024843610155255,-23.9816073871784,17.09364250575077,-15.186903608874486
2023-07-18,-27.597941707324566,-25.076195139233093,18.418457198327864,-12.817628384085896
2023-07-19,-28.43550942896936,-23.975946632027718,18.962360026650952,-12.157055216665324
2023-07-20,-29.483056133062014,-24.841621151509866,18.968887345258302,-13.205339470305198
2023-07-21,-29.219654949411215,-25.12505448405084,17.59471543880471,-12.068931316101546
2023-07-22,-27.748526810504053,-25.567696391715884,18.267226768073694,-12.190476956193093
2023-07-23,-27.89421504833286,-26.704019593131385,16.64930948647038,-12.074229568118508
2023-07-24,-26.97393345856893,-27.193974092798683,17.499278114614242,-12.764059401625065
2023-07-25,-27.961453890603813,-26.189669443280838,17.718072365569554,-13.550699060041586
2023-07-26,-26.171506514305573,-26.758990100282855,17.095640132428752,-13.588497104093213
2023-07-27,-25.091364140922273,-25.420427642280764,17.582462360666387,-15.395275008238977
2023-07-28,-23.94276822559212,-24.552694778263835,19.42080347709387,-15.176020644512574
2023-07-29,-23.834477897836422,-25.887911245428043,19.36000575038188,-13.488233044655347
2023-07-30,-24.959638439106264,-25.939002609862577,18.202164524592416,-13.694511564458734
2023-07-31,-25.98370095932381,-25.790784077218856,17.740538848936566,-13.785484124113394
2023-08-01,-25.708029525430298,-25.619251233074873,18.301113451724778,-15.359302920688979
2023-08-02,-26.833571246874783,-25.350967914385585,17.415219585854018,-15.715348366903536
2023-08-03,-26.197429418668737,-25.379561212763097,18.05147951473437,-15.535719555843542
2023-08-04,-27.794089914282573,-26.0522377602437,18.59606066380581,-16.587269874020688
2023-08-05,-28.170967780890358,-26.56895542450061,18.70130395232467,-16.72152093935835
2023-08-06,-28.241376464659282,-28.635154105700344,18.90259469170958,-17.963738749797937
2023-08-07,-28.82306163181879,-28.61373790076869,20.700922197300102,-15.998388479438962
2023-08-08,-28.04138261896669,-28.029413995629998,20.776625344963506,-16.420870160607855
2023-08-09,-29.770534508568918,-27.49058232415317,18.47884704712367,-15.359163065891412
2023-08-10,-29.528161900436373,-28.10455256677013,17.54279653396408,-15.385755871641507
2023-08-11,-28.532233827500985,-27.217637318596644,17.881571008329022,-17.51851406912133
2023-08-12,-29.053094432763974,-28.029448848066735,17.831559728469603,-16.41692128313643
2023-08-13,-27.24078602737944,-29.091189438999336,18.434148343491515,-16.771376668140697
2023-08-14,-27.6443818507452,-29.449406265687827,17.77123030304544,-16.79312467252002
2023-08-15,-26.21041845312646,-29.308566740087215,18.102451609149927,-18.38393566173477
2023-08-16,-26.00182605636435,-30.163952534595392,18.940744818314077,-17.117603311094456
2023-08-17,-23.819655609382416,-29.777665367223143,18.176053644684384,-18.519360637045164
2023-08-18,-23.670477404736772,-28.34281827026522,18.094279340569752,-19.051951486667093
2023-08-19,-25.219432595784614,-28.87298557514209,16.726499820937832,-18.66276323407354
2023-08-20,-25.14985032974317,-28.59525301590494,14.336558813141897,-19.189668424151673
2023-08-21,-26.290549787211383,-30.42621705754998,15.417869149741708,-19.184645987535813
2023-08-22,-26.3969931811889,-31.302643055672274,15.844160830964126,-19.105639127216392
2023-08-23,-28.052650740679855,-31.142732688548794,16.187596105830604,-17.45647104016795
2023-08-24,-29.996558004283553,-31.20714383097314,15.938765822163422,-18.30770024972697
2023-08-25,-29.140762043593636,-32.12931138281939,17.369194773263928,-19.55244816661003
2023-08-26,-29.23523344817604,-30.893583696325557,18.03307420012344,-19.361598569621567
2023-08-27,-30.552530205966036,-32.99156567635177,17.23140661893771,-19.245150610458037
2023-08-28,-29.31193883546745,-33.2427849508759,17.595037357809346,-19.837091198199776
2023-08-29,-29.977989372216857,-34.684230674629994,16.553646081758906,-20.00138471117939
2023-08-30,-31.2268508106929,-33.61272019712747,16.941389057698817,-19.173847370353776
2023-08-31,-29.660005512307954,-35.70257687033969,15.45528114925877,-21.811259252278187
2023-09-01,-30.16936749981796,-35.129293371621785,15.11258143241026,-20.797421331191817
2023-09-02,-31.389583614644337,-35.36173181053488,14.527834155436683,-22.79363386346351
2023-09-03,-32.9149130767327,-34.66565485587096,13.255782286707369,-22.62819720557556
2023-09-04,-32.581661488251434,-35.62642809806353,12.346737396384139,-21.420306484289508
2023-09-05,-33.11192125565771,-34.37864422329416,12.871001801995522,-21.87841039269078
2023-09-06,-34.796441437409364,-34.224842795602925,12.98305175558552,-22.316541555937178
2023-09-07,-35.89025590463807,-34.10172147659965,12.074686691598842,-22.58911061825863
2023-09-08,-36.26726031946235,-34.409726320049224,12.91999562527137,-21.80000043257436
2023-09-09,-37.102684730473,-33.517896644058595,13.377690317583356,-22.59633828260285
2023-09-10,-37.73304541930017,-33.64701073655735,13.217156534596004,-22.578205417601783
2023-09-11,-37.58027385248682,-32.566299233787184,12.438729977487545,-22.411774898432192
2023-09-12,-37.21776471157857,-31.22844124182256,14.244056276496153,-22.01976543654762
2023-09-13,-36.8146745413682,-33.194387651303884,14.631473310139787,-21.297833512431648
2023-09-14,-37.34987590402819,-32.03462499296021,14.625008341309082,-20.669540607454778
2023-09-15,-37.85150410419189,-32.04125176876451,13.095730353649605,-18.688493239463252
2023-09-16,-38.06384459390106,-32.079878679819565,13.218696782737057,-17.466243346728486
2023-09-17,-38.62754386015823,-31.715107178074707,10.904669570339083,-17.185886672079413
2023-09-18,-37.17416377205163,-29.82366145522705,11.962904156620658,-16.842685405851586
2023-09-19,-34.15463263198552,-27.63943771265951,12.36157206782482,-17.049627674635715
2023-09-20,-34.81728079214552,-28.050897883734077,11.81832101394133,-17.497837376802106
2023-09-21,-35.40149222306538,-27.795662946858815,11.071769861509683,-15.529459029041359
2023-09-22,-37.767104391329845,-28.369583466726997,11.852910668640655,-15.160429979132182
2023-09-23,-37.43452338610231,-28.119922286955635,12.204571331000038,-15.269347932756911
2023-09-24,-35.989246427912896,-29.79048438605463,12.250511472679548,-16.10680899619944
2023-09-25,-37.53503905498555,-31.975166781791547,11.061185992739544,-16.20821413955171
2023-09-26,-38.62619330270035,-32.492038229420785,10.30976698294906,-16.783026666643867
2023-09-27,-37.95377341791783,-34.898011557855426,10.320966143114832,-17.821080264328316
